1.1025,-0.78039,-0.81797,-0.46611,0.69888,-0.81898,0.062205,0.29118,0.71416,-0.59706,0.14527,-0.1126
1.1027,-0.7792,-0.81509,-0.46853,0.69946,-0.81941,0.066015,0.29356,0.71048,-0.59564,0.14554,-0.10634
1.103,-0.77803,-0.81222,-0.47091,0.70009,-0.81989,0.071675,0.29294,0.70709,-0.59686,0.14631,-0.098029
1.1033,-0.77686,-0.80943,-0.47326,0.70075,-0.82029,0.078345,0.29017,0.70547,-0.60039,0.14712,-0.088266
1.1037,-0.77571,-0.80655,-0.47569,0.70134,-0.82062,0.084934,0.28677,0.7063,-0.60514,0.14738,-0.078317
1.104,-0.77458,-0.80379,-0.47812,0.70185,-0.82092,0.090403,0.28421,0.70918,-0.60986,0.14662,-0.069972
1.1043,-0.77344,-0.80097,-0.48061,0.70236,-0.82118,0.093989,0.28333,0.71287,-0.61364,0.14486,-0.065046
1.1047,-0.77233,-0.79807,-0.48304,0.70298,-0.8214,0.095307,0.28415,0.716,-0.61624,0.14272,-0.064717
1.1051,-0.77116,-0.79519,-0.4855,0.70363,-0.82165,0.094386,0.28605,0.71778,-0.61792,0.14131,-0.069
1.1055,-0.77,-0.79234,-0.48799,0.70424,-0.82193,0.091643,0.28816,0.71833,-0.61908,0.14174,-0.076656
1.1059,-0.76885,-0.78941,-0.49047,0.70475,-0.82224,0.087832,0.2897,0.71856,-0.61982,0.14456,-0.085596
1.1062,-0.7677,-0.78655,-0.49292,0.70527,-0.82263,0.083903,0.29021,0.71954,-0.61976,0.14936,-0.093664
1.1065,-0.76655,-0.78372,-0.49539,0.70586,-0.82306,0.080761,0.28962,0.72185,-0.61832,0.15482,-0.099401
1.1068,-0.76541,-0.78084,-0.49791,0.70654,-0.82348,0.078972,0.28819,0.72517,-0.61518,0.15916,-0.10248
1.1072,-0.76423,-0.77789,-0.50035,0.70721,-0.8239,0.078548,0.28643,0.72847,-0.61066,0.16086,-0.1036
1.1075,-0.76308,-0.775,-0.50279,0.70785,-0.82428,0.078946,0.28488,0.73057,-0.60585,0.15944,-0.10388
1.1078,-0.76192,-0.77201,-0.50517,0.70848,-0.82467,0.079325,0.28394,0.73086,-0.60219,0.15562,-0.1041
1.1081,-0.76082,-0.76911,-0.50761,0.70906,-0.82505,0.078955,0.28372,0.72964,-0.60092,0.15114,-0.10423
1.1084,-0.75972,-0.76622,-0.50997,0.7097,-0.82547,0.077574,0.28407,0.72799,-0.60254,0.14799,-0.10334
1.1087,-0.75855,-0.76328,-0.51239,0.7103,-0.82591,0.075495,0.28477,0.72715,-0.60661,0.14749,-0.1002
1.109,-0.7574,-0.76044,-0.51487,0.71084,-0.82634,0.073393,0.28582,0.72788,-0.612,0.14978,-0.093967
1.1093,-0.75625,-0.75751,-0.5173,0.71141,-0.82671,0.071907,0.28751,0.73008,-0.6174,0.15372,-0.084919
1.1096,-0.75508,-0.75452,-0.51978,0.71206,-0.82702,0.071274,0.29027,0.73295,-0.62186,0.15754,-0.074627
1.1099,-0.75395,-0.75163,-0.52232,0.71274,-0.82729,0.071232,0.29419,0.73544,-0.62498,0.15965,-0.065546
1.1102,-0.75276,-0.74866,-0.52477,0.71342,-0.82751,0.071229,0.29868,0.73692,-0.62681,0.1594,-0.060146
1.1105,-0.75156,-0.74571,-0.52728,0.71401,-0.82774,0.070828,0.30239,0.73742,-0.62755,0.1574,-0.059957
1.1107,-0.75035,-0.74278,-0.52981,0.71459,-0.82798,0.070035,0.30371,0.73754,-0.62723,0.15511,-0.064948
1.111,-0.74911,-0.73983,-0.53233,0.71524,-0.82826,0.069329,0.30157,0.73801,-0.62569,0.15413,-0.073507
1.1113,-0.74791,-0.7369,-0.53479,0.71586,-0.82858,0.069362,0.29608,0.73911,-0.62276,0.15541,-0.083036
1.1115,-0.74674,-0.73391,-0.53732,0.71649,-0.82893,0.070467,0.28872,0.74051,-0.61862,0.15879,-0.090911
1.1119,-0.7456,-0.73091,-0.53978,0.7171,-0.82933,0.072274,0.28173,0.74142,-0.61393,0.16314,-0.095389
1.1121,-0.74452,-0.72798,-0.54219,0.71773,-0.82971,0.073704,0.27723,0.74104,-0.60979,0.16689,-0.096115
1.1125,-0.74339,-0.72504,-0.54466,0.71848,-0.83011,0.073389,0.27626,0.73906,-0.60729,0.16878,-0.094033
1.1127,-0.74231,-0.72204,-0.54707,0.71922,-0.83048,0.070369,0.27845,0.73599,-0.60715,0.16841,-0.090797
1.113,-0.74115,-0.71915,-0.54946,0.71984,-0.83079,0.064699,0.28235,0.73295,-0.60936,0.1663,-0.087955
1.1132,-0.74002,-0.71618,-0.55194,0.72044,-0.83113,0.057614,0.28623,0.73125,-0.61325,0.16358,-0.086273
1.1135,-0.73887,-0.7133,-0.55442,0.72103,-0.83146,0.051121,0.2889,0.73178,-0.61778,0.16147,-0.085469
1.1137,-0.73772,-0.71035,-0.55686,0.72175,-0.83182,0.047143,0.29012,0.7346,-0.62201,0.16075,-0.084434
1.1139,-0.73658,-0.70738,-0.55941,0.72246,-0.83219,0.046637,0.29051,0.73894,-0.62536,0.16155,-0.081792
1.114,-0.73539,-0.70443,-0.56187,0.72311,-0.83252,0.049134,0.29101,0.74346,-0.62766,0.16342,-0.076553
1.1142,-0.73423,-0.70147,-0.56439,0.7237,-0.83282,0.052959,0.29224,0.74686,-0.62897,0.16565,-0.068556
1.1144,-0.73304,-0.69848,-0.56694,0.72431,-0.83305,0.056054,0.29415,0.74837,-0.62928,0.16755,-0.05854
1.1147,-0.73187,-0.69548,-0.56945,0.72503,-0.83324,0.057003,0.296,0.74799,-0.62837,0.16871,-0.047852
1.1149,-0.7307,-0.69242,-0.57193,0.7258,-0.83341,0.055699,0.29674,0.74639,-0.62595,0.16901,-0.037939
1.1151,-0.72951,-0.68949,-0.57442,0.72644,-0.83355,0.053333,0.29559,0.74454,-0.62197,0.16857,-0.029873
1.1154,-0.72831,-0.68653,-0.57695,0.72705,-0.83367,0.05169,0.29246,0.7433,-0.61684,0.16763,-0.024086
1.1155,-0.72717,-0.68358,-0.57938,0.72768,-0.83376,0.052158,0.28811,0.74319,-0.61154,0.16649,-0.020418
1.1157,-0.726,-0.68059,-0.58181,0.7284,-0.83383,0.055005,0.28388,0.7443,-0.60732,0.16544,-0.018414
1.1159,-0.72489,-0.67759,-0.58427,0.72913,-0.8339,0.059297,0.28118,0.74643,-0.60524,0.16476,-0.017697
1.1162,-0.72377,-0.67459,-0.58664,0.72976,-0.83397,0.063487,0.28083,0.74928,-0.60574,0.16457,-0.018247
1.1165,-0.72264,-0.67157,-0.58907,0.73037,-0.83406,0.066286,0.28283,0.75252,-0.60843,0.1648,-0.020429
1.1168,-0.72152,-0.6686,-0.59154,0.73101,-0.83415,0.067303,0.28639,0.7557,-0.61235,0.16514,-0.024778
1.117,-0.72035,-0.66555,-0.59395,0.73169,-0.83427,0.067103,0.29045,0.75831,-0.61643,0.1651,-0.031627
1.1173,-0.7192,-0.66253,-0.59645,0.73241,-0.83441,0.066692,0.29421,0.75975,-0.61991,0.1643,-0.040765
1.1175,-0.71799,-0.65951,-0.59898,0.73302,-0.83456,0.066806,0.29746,0.75961,-0.62258,0.16266,-0.051288
1.1178,-0.71677,-0.65645,-0.60144,0.73361,-0.83479,0.06747,0.30038,0.7579,-0.62464,0.16062,-0.061743
1.1181,-0.7156,-0.65336,-0.60394,0.73429,-0.83507,0.068088,0.3031,0.75515,-0.62633,0.15902,-0.070534
1.1184,-0.71438,-0.65038,-0.60643,0.73498,-0.83537,0.067975,0.30526,0.75232,-0.62757,0.15877,-0.076434
1.1187,-0.71318,-0.64738,-0.60895,0.73564,-0.83568,0.066951,0.30586,0.75042,-0.62787,0.16033,-0.079023
1.1189,-0.71192,-0.64445,-0.61146,0.73623,-0.83601,0.065575,0.30381,0.7501,-0.62659,0.16341,-0.078857
1.1192,-0.71073,-0.64139,-0.61399,0.73681,-0.83633,0.064873,0.29865,0.75137,-0.62341,0.16687,-0.077283
1.1194,-0.70953,-0.63839,-0.61649,0.73751,-0.83664,0.065712,0.29117,0.75364,-0.61868,0.16912,-0.075962
1.1196,-0.70838,-0.63537,-0.61891,0.73826,-0.83694,0.06826,0.28337,0.75604,-0.61346,0.16874,-0.076248
1.1199,-0.70728,-0.63232,-0.62135,0.73895,-0.83722,0.071859,0.27779,0.7578,-0.60923,0.16517,-0.078655
1.1203,-0.70618,-0.62926,-0.6238,0.73958,-0.83753,0.075431,0.27636,0.75854,-0.60724,0.15904,-0.082617
1.1206,-0.70508,-0.62629,-0.62622,0.74016,-0.83788,0.078146,0.27946,0.75823,-0.60801,0.15198,-0.086633
1.1209,-0.70393,-0.62322,-0.62865,0.74075,-0.83825,0.079968,0.28568,0.75711,-0.61115,0.14604,-0.088773
1.1212,-0.70279,-0.62026,-0.63111,0.74136,-0.83863,0.081717,0.29239,0.7554,-0.61559,0.14286,-0.087379
1.1215,-0.70157,-0.61718,-0.63359,0.74192,-0.83896,0.084628,0.29691,0.75327,-0.62003,0.14304,-0.081721
1.1218,-0.7004,-0.61416,-0.63607,0.74248,-0.83924,0.089633,0.2977,0.75095,-0.62354,0.14596,-0.072382
1.1223,-0.69923,-0.61118,-0.63858,0.74306,-0.8395,0.096778,0.29499,0.74885,-0.62574,0.15011,-0.061218
1.1227,-0.69804,-0.60818,-0.64108,0.74368,-0.83975,0.10508,0.29055,0.7476,-0.62674,0.15379,-0.050891
1.1231,-0.69689,-0.60523,-0.64357,0.74435,-0.83992,0.11286,0.28677,0.74789,-0.62684,0.15577,-0.04409
1.1236,-0.69574,-0.60219,-0.64612,0.74498,-0.84011,0.11846,0.28558,0.75007,-0.62618,0.15576,-0.042707
1.124,-0.69461,-0.59922,-0.64858,0.74555,-0.84029,0.12079,0.28756,0.75385,-0.62464,0.15439,-0.047212
1.1245,-0.69344,-0.59615,-0.65108,0.74613,-0.84048,0.11974,0.29186,0.75826,-0.62201,0.15285,-0.056465
1.125,-0.69228,-0.59317,-0.65357,0.74677,-0.84071,0.11606,0.29666,0.76196,-0.61832,0.15233,-0.068038
1.1255,-0.69108,-0.59006,-0.65603,0.74742,-0.841,0.11106,0.30013,0.76379,-0.61408,0.15354,-0.07895
1.1259,-0.68988,-0.58702,-0.6585,0.74803,-0.84134,0.10606,0.3012,0.7633,-0.61026,0.15651,-0.086602
1.1263,-0.68865,-0.58399,-0.66094,0.74862,-0.8417,0.10207,0.29986,0.76101,-0.60791,0.16062,-0.089583
1.1267,-0.68745,-0.58093,-0.66336,0.74925,-0.84209,0.099569,0.29692,0.75817,-0.60776,0.16485,-0.088081
1.1271,-0.6863,-0.5779,-0.66574,0.74999,-0.84244,0.098479,0.2934,0.75618,-0.60979,0.16814,-0.083739
1.1275,-0.68513,-0.57489,-0.66822,0.7507,-0.84275,0.09836,0.28991,0.75594,-0.61328,0.16971,-0.079024
1.1279,-0.68398,-0.57187,-0.6707,0.75135,-0.84306,0.098618,0.2865,0.75747,-0.61715,0.16927,-0.076298
1.1283,-0.68284,-0.5688,-0.67317,0.75194,-0.84334,0.098749,0.283,0.76003,-0.62041,0.16704,-0.07694
1.1287,-0.68169,-0.56582,-0.67565,0.75257,-0.84364,0.098526,0.27957,0.76248,-0.6226,0.16375,-0.08083
1.1291,-0.68059,-0.56271,-0.67815,0.75332,-0.84397,0.098064,0.27708,0.76394,-0.62383,0.16032,-0.086372
1.1295,-0.67949,-0.55969,-0.68064,0.75403,-0.84434,0.097722,0.27705,0.76412,-0.6245,0.15769,-0.091055
1.1299,-0.67837,-0.55659,-0.68316,0.75461,-0.84474,0.097864,0.28094,0.76331,-0.62492,0.1564,-0.092357
1.1303,-0.67726,-0.55353,-0.68562,0.75517,-0.84512,0.098578,0.28918,0.76207,-0.62495,0.15653,-0.088678
1.1307,-0.67605,-0.55055,-0.68811,0.75575,-0.84545,0.099499,0.30054,0.76082,-0.62407,0.1576,-0.079971
1.1311,-0.67485,-0.54747,-0.69066,0.75641,-0.84572,0.099863,0.31218,0.75961,-0.62171,0.15891,-0.06786
1.1314,-0.67356,-0.54449,-0.69312,0.75714,-0.84596,0.098818,0.32049,0.75824,-0.61769,0.15978,-0.055195
1.1318,-0.67228,-0.54138,-0.69558,0.75777,-0.84615,0.095859,0.32249,0.75654,-0.61256,0.15993,-0.045206
1.1322,-0.67099,-0.5384,-0.69799,0.75836,-0.84633,0.091145,0.31706,0.7547,-0.60745,0.15953,-0.04051
1.1326,-0.66972,-0.53533,-0.70045,0.75899,-0.84652,0.085511,0.30544,0.75323,-0.60372,0.15912,-0.042318
1.1329,-0.66855,-0.53236,-0.70286,0.75964,-0.84669,0.080106,0.29083,0.75275,-0.60236,0.15928,-0.050082
1.1332,-0.66741,-0.52938,-0.70522,0.76032,-0.8469,0.075833,0.2771,0.75354,-0.60362,0.16024,-0.061696
1.1335,-0.66633,-0.52632,-0.70768,0.76093,-0.84715,0.072879,0.26745,0.75529,-0.60691,0.16178,-0.074183
1.1338,-0.66527,-0.52335,-0.71012,0.7615,-0.84746,0.070626,0.26332,0.75721,-0.61118,0.16324,-0.084628
1.1341,-0.66422,-0.52027,-0.71255,0.7622,-0.84783,0.068008,0.26428,0.75845,-0.61534,0.16386,-0.091057
1.1344,-0.66316,-0.51725,-0.71503,0.76292,-0.84821,0.064156,0.26862,0.75857,-0.6187,0.16315,-0.092953
1.1346,-0.66207,-0.51419,-0.71754,0.76362,-0.84861,0.058952,0.27441,0.75781,-0.621,0.16114,-0.091257
1.1348,-0.66097,-0.51114,-0.72002,0.76421,-0.84896,0.053187,0.28034,0.75691,-0.62231,0.1584,-0.08787
1.135,-0.65982,-0.50817,-0.72246,0.76475,-0.84931,0.048197,0.286,0.75661,-0.62266,0.15585,-0.084839
1.1352,-0.65867,-0.50513,-0.72496,0.76533,-0.84961,0.045179,0.29154,0.75715,-0.62194,0.15435,-0.083554
1.1354,-0.65748,-0.50215,-0.72749,0.76603,-0.84992,0.044539,0.29706,0.75808,-0.6199,0.15445,-0.084233
1.1356,-0.65631,-0.49904,-0.72995,0.76672,-0.85025,0.045648,0.30203,0.75853,-0.61642,0.1562,-0.085891
1.1358,-0.65509,-0.49602,-0.73241,0.76737,-0.85062,0.047115,0.30537,0.75784,-0.61175,0.15912,-0.086775
1.1359,-0.65385,-0.49299,-0.7348,0.76793,-0.85101,0.04743,0.3059,0.75601,-0.60663,0.16245,-0.085078
1.1361,-0.65263,-0.48995,-0.73728,0.7685,-0.85134,0.045632,0.30306,0.75389,-0.60212,0.16527,-0.079648
1.1363,-0.65143,-0.487,-0.73967,0.76922,-0.85165,0.041655,0.29743,0.75278,-0.59919,0.16682,-0.07042
1.1365,-0.65024,-0.48394,-0.74203,0.76995,-0.8519,0.036213,0.29059,0.75368,-0.59843,0.1666,-0.058423
1.1366,-0.64911,-0.48096,-0.74442,0.77063,-0.85207,0.030353,0.28449,0.75669,-0.59976,0.16458,-0.045397
1.1367,-0.64799,-0.47792,-0.74686,0.77124,-0.85223,0.024943,0.28064,0.76092,-0.6026,0.16123,-0.033199
1.1368,-0.64687,-0.47482,-0.74925,0.77184,-0.85233,0.020374,0.27945,0.76482,-0.60608,0.15742,-0.023232
1.1369,-0.64574,-0.4718,-0.75168,0.7725,-0.85242,0.016578,0.28025,0.76704,-0.60946,0.15425,-0.016111
1.1369,-0.64462,-0.46869,-0.75417,0.77311,-0.85249,0.013283,0.28176,0.76706,-0.61225,0.15265,-0.011649
1.137,-0.64347,-0.46567,-0.75658,0.77372,-0.85254,0.010308,0.28288,0.76537,-0.61425,0.15301,-0.0091093
1.137,-0.64237,-0.46262,-0.75904,0.77433,-0.85256,0.0076905,0.28327,0.76312,-0.61537,0.15496,-0.0075851
1.137,-0.64122,-0.45949,-0.76149,0.77496,-0.85259,0.0056285,0.28346,0.7614,-0.61546,0.15742,-0.00634
1.137,-0.6401,-0.45649,-0.76398,0.77562,-0.85261,0.0042885,0.28445,0.76059,-0.61426,0.15903,-0.0049911
1.1371,-0.63895,-0.45349,-0.76644,0.77624,-0.85261,0.0036489,0.28704,0.76027,-0.61158,0.1587,-0.0035078
1.1371,-0.63778,-0.45042,-0.76887,0.77681,-0.85263,0.0034847,0.29132,0.75959,-0.60748,0.1562,-0.0020761
1.1371,-0.63663,-0.44742,-0.77126,0.77742,-0.85265,0.0035079,0.29644,0.75797,-0.60246,0.15228,-0.00092201
1.1371,-0.63542,-0.44433,-0.7737,0.7781,-0.85265,0.0035769,0.30099,0.75563,-0.59745,0.14842,-0.00017782
1.1371,-0.6342,-0.44134,-0.77608,0.77875,-0.85265,0.0038522,0.3035,0.75354,-0.59355,0.14615,0.00016621
1.1371,-0.633,-0.43827,-0.77842,0.77932,-0.85265,0.00481,0.30307,0.7529,-0.59167,0.14638,0.0002298
1.1372,-0.63177,-0.43532,-0.78079,0.77983,-0.85265,0.0070991,0.29975,0.75434,-0.59215,0.14893,0.00016957
1.1372,-0.6306,-0.43232,-0.7832,0.78032,-0.85265,0.011294,0.29451,0.75741,-0.59466,0.15265,0.00010989
1.1372,-0.62942,-0.42926,-0.78554,0.78097,-0.85265,0.017628,0.28884,0.76064,-0.59834,0.15595,0.00010727
1.1373,-0.6283,-0.42624,-0.78795,0.78172,-0.85265,0.025803,0.28416,0.76226,-0.60214,0.15754,0.000154
1.1374,-0.62713,-0.42312,-0.79039,0.78243,-0.85265,0.034933,0.28133,0.76111,-0.60524,0.15705,0.00020777
1.1376,-0.62603,-0.42012,-0.7928,0.78304,-0.85265,0.043684,0.28029,0.75728,-0.60728,0.15516,0.00022694
1.1378,-0.62492,-0.41705,-0.79521,0.78355,-0.85265,0.050599,0.28025,0.75214,-0.60838,0.15319,0.00019489
1.138,-0.6238,-0.41408,-0.79769,0.78407,-0.85265,0.054548,0.28003,0.74771,-0.60888,0.1525,0.00012642
1.1382,-0.62266,-0.41116,-0.80013,0.78472,-0.85265,0.055164,0.27872,0.74565,-0.60902,0.1538,5.7872e-05
1.1384,-0.62156,-0.40816,-0.80252,0.78542,-0.85265,0.053075,0.27616,0.74655,-0.60876,0.15689,2.7978e-05
1.1387,-0.62046,-0.40514,-0.80495,0.78606,-0.85265,0.049777,0.27311,0.74969,-0.60776,0.16074,5.7979e-05
1.1389,-0.61936,-0.40212,-0.80741,0.78672,-0.85265,0.047135,0.27104,0.75345,-0.60568,0.16399,0.0001385
1.139,-0.6183,-0.39909,-0.80983,0.78737,-0.85265,0.046679,0.27151,0.75612,-0.60245,0.16552,0.00022854
1.1392,-0.6172,-0.39607,-0.81222,0.78803,-0.85265,0.048976,0.2755,0.7566,-0.59855,0.16488,0.00026839
1.1394,-0.6161,-0.39307,-0.81461,0.78866,-0.85265,0.053411,0.2829,0.75476,-0.59489,0.1624,0.00020334
1.1396,-0.61493,-0.39005,-0.81695,0.78926,-0.85265,0.058491,0.2924,0.75134,-0.59253,0.15896,9.933e-06
1.1399,-0.61376,-0.3871,-0.81936,0.78987,-0.85265,0.062577,0.30176,0.74745,-0.59221,0.15563,-0.00028631
1.1401,-0.61251,-0.38409,-0.82172,0.79055,-0.85265,0.06469,0.30854,0.74405,-0.594,0.15328,-0.00061189
1.1404,-0.61128,-0.38104,-0.82411,0.79126,-0.85265,0.065002,0.31082,0.74167,-0.59729,0.1523,-0.00086793
1.1407,-0.61004,-0.37811,-0.82647,0.79189,-0.85265,0.064776,0.30779,0.74036,-0.60103,0.15256,-0.0009681
1.1409,-0.60884,-0.37518,-0.82889,0.79238,-0.85266,0.065782,0.29996,0.73993,-0.60417,0.15354,-0.00087643
1.1412,-0.60762,-0.37224,-0.83135,0.79287,-0.85266,0.069478,0.28895,0.74019,-0.60614,0.15456,-0.00062776
1.1414,-0.6065,-0.36928,-0.83378,0.7935,-0.85266,0.076348,0.2769,0.74115,-0.60692,0.15499,-0.00031928
1.1418,-0.60542,-0.36629,-0.83617,0.79426,-0.85266,0.085682,0.26593,0.74295,-0.60692,0.15448,-7.4187e-05
1.1422,-0.60439,-0.36329,-0.8386,0.79501,-0.85266,0.095854,0.25771,0.74565,-0.60661,0.15302,8.5031e-06
1.1426,-0.60336,-0.36029,-0.84106,0.79559,-0.85266,0.10493,0.25332,0.74889,-0.60618,0.15092,-0.00010391
1.143,-0.60237,-0.3573,-0.84345,0.79603,-0.85266,0.11133,0.25336,0.75184,-0.60541,0.14875,-0.00036272
1.1434,-0.60134,-0.35432,-0.84587,0.7965,-0.85266,0.11428,0.25809,0.75336,-0.60386,0.14714,-0.00065743
1.1439,-0.60029,-0.35133,-0.84828,0.79714,-0.85266,0.11394,0.26734,0.75241,-0.60122,0.14661,-0.00086182
1.1444,-0.59919,-0.34828,-0.85073,0.79786,-0.85268,0.11124,0.28024,0.74856,-0.59763,0.14746,-0.00088647
1.1448,-0.59804,-0.34531,-0.85308,0.79856,-0.85268,0.10754,0.29491,0.74235,-0.59377,0.1496,-0.00071469
1.1452,-0.59685,-0.34233,-0.8554,0.79912,-0.85268,0.10414,0.30839,0.73521,-0.59067,0.1526,-0.00040698
1.1457,-0.59558,-0.33936,-0.85781,0.79962,-0.85268,0.10194,0.31726,0.72894,-0.58925,0.15571,-7.368e-05
1.1461,-0.59432,-0.33652,-0.86017,0.80016,-0.85268,0.10124,0.31871,0.72504,-0.58993,0.15809,0.00017081
1.1465,-0.59303,-0.33365,-0.86251,0.80084,-0.85268,0.10173,0.31171,0.72415,-0.59244,0.15899,0.00025113
1.1469,-0.59181,-0.33076,-0.86488,0.80154,-0.85268,0.10278,0.29772,0.72582,-0.5959,0.15804,0.00015361
1.1472,-0.59062,-0.32783,-0.86731,0.80224,-0.85268,0.10377,0.28043,0.72887,-0.59924,0.15533,-7.9148e-05
1.1477,-0.58957,-0.32488,-0.86968,0.80283,-0.85268,0.10448,0.26445,0.73193,-0.60156,0.15145,-0.00037625
1.1481,-0.58853,-0.32193,-0.87209,0.80339,-0.85268,0.10512,0.25361,0.73399,-0.60252,0.14732,-0.0006748
1.1486,-0.58755,-0.31899,-0.87453,0.80397,-0.8527,0.10623,0.2496,0.73467,-0.60228,0.14392,-0.00094845
1.149,-0.58654,-0.31608,-0.87691,0.80449,-0.8527,0.10825,0.25161,0.73412,-0.60131,0.14198,-0.0012174
1.1494,-0.58554,-0.31318,-0.87931,0.80505,-0.8527,0.11118,0.25707,0.73271,-0.60004,0.14175,-0.0015381
1.1498,-0.58446,-0.31025,-0.88172,0.80564,-0.8527,0.11445,0.26317,0.73074,-0.59864,0.14294,-0.0019792
1.1503,-0.58341,-0.3073,-0.88411,0.80627,-0.85272,0.11713,0.26816,0.72833,-0.59694,0.14476,-0.0025936
1.1508,-0.58233,-0.3044,-0.88649,0.8069,-0.85273,0.11826,0.27189,0.72552,-0.59469,0.14626,-0.0033987
1.1513,-0.58125,-0.30144,-0.88886,0.80748,-0.85275,0.11728,0.27541,0.72238,-0.59177,0.14663,-0.0043725
1.1518,-0.58013,-0.29857,-0.89123,0.80798,-0.85277,0.11418,0.27984,0.71916,-0.58847,0.14557,-0.0054702
1.1522,-0.57901,-0.2958,-0.89357,0.80847,-0.85279,0.1094,0.28538,0.71621,-0.58544,0.14339,-0.0066619
1.1526,-0.57786,-0.2929,-0.89591,0.80906,-0.85282,0.10359,0.29092,0.71394,-0.58345,0.14104,-0.0079831
1.153,-0.57666,-0.29004,-0.89827,0.80973,-0.85286,0.09739,0.2945,0.71272,-0.58301,0.13968,-0.0095838
1.1534,-0.57549,-0.28721,-0.90055,0.81037,-0.85289,0.091351,0.29424,0.71282,-0.58417,0.14028,-0.011753
1.1538,-0.57432,-0.2843,-0.90289,0.81093,-0.85294,0.085964,0.2893,0.71433,-0.58643,0.1432,-0.014896
1.1541,-0.57318,-0.28143,-0.90528,0.8114,-0.85301,0.081658,0.28037,0.71713,-0.58898,0.14795,-0.019444
1.1544,-0.57207,-0.27857,-0.90762,0.81189,-0.85312,0.078686,0.26942,0.72074,-0.5911,0.15338,-0.02571
1.1547,-0.57104,-0.27571,-0.91,0.81254,-0.85322,0.076931,0.25903,0.72434,-0.59238,0.15807,-0.033712
1.155,-0.57001,-0.27286,-0.91237,0.81329,-0.85338,0.075803,0.25154,0.727,-0.59285,0.16093,-0.043049
1.1553,-0.56901,-0.2699,-0.91474,0.814,-0.85357,0.074381,0.24832,0.72792,-0.59274,0.16162,-0.052857
1.1556,-0.568,-0.26698,-0.9171,0.81465,-0.85378,0.07183,0.24945,0.72681,-0.59221,0.16057,-0.061939
1.1559,-0.56702,-0.26402,-0.91951,0.81523,-0.85404,0.067889,0.25384,0.72404,-0.59115,0.15876,-0.069026
1.1562,-0.56598,-0.26114,-0.9218,0.8158,-0.85436,0.06313,0.2597,0.72044,-0.5892,0.15724,-0.073136
1.1564,-0.56495,-0.25833,-0.92419,0.81643,-0.85464,0.058782,0.26518,0.71697,-0.58598,0.15661,-0.073899
1.1566,-0.56388,-0.25546,-0.92653,0.81706,-0.85493,0.056123,0.26907,0.71429,-0.58148,0.15689,-0.071738
1.1568,-0.56278,-0.25265,-0.92888,0.81769,-0.85521,0.055773,0.27114,0.71261,-0.57618,0.15761,-0.067807
1.157,-0.5617,-0.24974,-0.93113,0.81835,-0.85547,0.057254,0.27211,0.71176,-0.57106,0.15808,-0.063686
1.1573,-0.5606,-0.24689,-0.9334,0.81905,-0.85573,0.059114,0.27311,0.7115,-0.56722,0.15776,-0.060899
1.1576,-0.5595,-0.24401,-0.93567,0.81973,-0.85596,0.05957,0.27496,0.71166,-0.56547,0.15645,-0.060427
1.1578,-0.5584,-0.24115,-0.93792,0.82027,-0.85621,0.057362,0.27761,0.71221,-0.56602,0.15431,-0.062377
1.158,-0.55732,-0.23838,-0.94021,0.82076,-0.85643,0.052387,0.28007,0.71302,-0.56838,0.15172,-0.065934
1.1582,-0.55617,-0.23553,-0.94246,0.82132,-0.85671,0.045797,0.28094,0.71377,-0.57163,0.14915,-0.069615
1.1583,-0.55505,-0.2327,-0.9448,0.82198,-0.85701,0.039551,0.27926,0.71392,-0.57474,0.14706,-0.071751
1.1585,-0.55393,-0.22979,-0.9471,0.82271,-0.85731,0.03562,0.2751,0.71299,-0.57698,0.14581,-0.071024
1.1587,-0.55282,-0.22689,-0.94935,0.82339,-0.85758,0.035229,0.26964,0.71088,-0.57805,0.14564,-0.066872
1.1588,-0.55177,-0.22408,-0.95171,0.82387,-0.85785,0.038415,0.26453,0.70795,-0.57809,0.14656,-0.05964
1.159,-0.55074,-0.22124,-0.95401,0.82428,-0.85806,0.044028,0.26098,0.70488,-0.57747,0.1483,-0.050422
1.1592,-0.54971,-0.2185,-0.9563,0.82483,-0.85823,0.05013,0.2591,0.7023,-0.57652,0.15036,-0.040689
1.1594,-0.54864,-0.21569,-0.95866,0.82551,-0.85837,0.054616,0.25791,0.70048,-0.57537,0.15208,-0.031831
1.1596,-0.54763,-0.21288,-0.96093,0.82627,-0.85848,0.05586,0.2561,0.69931,-0.57388,0.15295,-0.024783
1.1598,-0.5466,-0.21009,-0.96321,0.82695,-0.85858,0.053208,0.25289,0.69851,-0.5718,0.15277,-0.019844
1.16,-0.54559,-0.20726,-0.96552,0.82748,-0.85865,0.047183,0.24865,0.69798,-0.56891,0.15176,-0.016729
1.1602,-0.5446,-0.20441,-0.96775,0.82797,-0.85872,0.039334,0.24483,0.69784,-0.56533,0.15047,-0.014798
1.1603,-0.54365,-0.20169,-0.97,0.82854,-0.85877,0.031763,0.2432,0.69823,-0.56151,0.14953,-0.013355
1.1604,-0.54269,-0.19888,-0.97229,0.82917,-0.85882,0.026461,0.24499,0.69899,-0.55826,0.14937,-0.011905
1.1605,-0.5417,-0.19616,-0.97449,0.82983,-0.85886,0.024703,0.2503,0.6995,-0.55643,0.15008,-0.010285
1.1606,-0.54065,-0.19331,-0.97672,0.83046,-0.85891,0.026708,0.25811,0.69885,-0.55658,0.15133,-0.0086404
1.1607,-0.53962,-0.19054,-0.97896,0.83104,-0.85893,0.031723,0.26671,0.69644,-0.55871,0.15254,-0.0072891
1.1609,-0.53852,-0.18771,-0.98115,0.83167,-0.85896,0.038436,0.2743,0.69241,-0.56223,0.15302,-0.006546
1.1611,-0.53742,-0.1849,-0.98344,0.8323,-0.859,0.045556,0.27939,0.68776,-0.56611,0.15222,-0.0065796
1.1613,-0.53629,-0.18218,-0.98569,0.83284,-0.85902,0.052254,0.281,0.68395,-0.56935,0.14987,-0.0073643
1.1615,-0.53521,-0.17954,-0.988,0.83339,-0.85905,0.05832,0.27866,0.6822,-0.57128,0.14612,-0.0087379
1.1617,-0.53409,-0.1768,-0.99032,0.83397,-0.85909,0.064002,0.27257,0.68283,-0.5718,0.14162,-0.010533
1.162,-0.53297,-0.17408,-0.99257,0.83455,-0.85914,0.069669,0.26363,0.68529,-0.57124,0.13736,-0.012721
1.1622,-0.53196,-0.1713,-0.99484,0.83523,-0.85919,0.075488,0.25345,0.68846,-0.57005,0.13443,-0.015491
1.1626,-0.53096,-0.16846,-0.99714,0.83577,-0.85926,0.081264,0.24401,0.6914,-0.56851,0.13367,-0.019226
1.1629,-0.53,-0.16574,-0.99938,0.83622,-0.85935,0.08646,0.23703,0.69368,-0.56656,0.13532,-0.024353
1.1633,-0.52906,-0.16294,-1.0016,0.83664,-0.85947,0.090361,0.2334,0.69534,-0.56394,0.13886,-0.031121
1.1637,-0.52815,-0.16019,-1.0039,0.8372,-0.85961,0.09231,0.23292,0.69654,-0.56049,0.14319,-0.039395
1.164,-0.52723,-0.15748,-1.0061,0.83785,-0.85977,0.091931,0.23465,0.69712,-0.55639,0.14701,-0.04854
1.1644,-0.52627,-0.15464,-1.0084,0.83856,-0.85998,0.089318,0.23762,0.69658,-0.55224,0.14936,-0.057486
1.1647,-0.52529,-0.15184,-1.0106,0.83921,-0.86022,0.085121,0.24147,0.69442,-0.54884,0.14992,-0.064972
1.165,-0.52431,-0.14903,-1.0127,0.83971,-0.8605,0.08047,0.24664,0.69058,-0.54688,0.14909,-0.069899
1.1654,-0.52334,-0.14622,-1.0149,0.84022,-0.8608,0.076703,0.25379,0.68566,-0.54663,0.14764,-0.071686
1.1657,-0.52231,-0.14357,-1.0171,0.84078,-0.86108,0.074939,0.26298,0.68068,-0.54785,0.14637,-0.070491
1.166,-0.52124,-0.14087,-1.0193,0.84142,-0.86135,0.075666,0.27306,0.67662,-0.54993,0.14577,-0.067202
1.1663,-0.52013,-0.13823,-1.0216,0.84207,-0.86162,0.078543,0.28176,0.67399,-0.55215,0.14593,-0.063179
1.1666,-0.51897,-0.13549,-1.0237,0.84264,-0.86186,0.082558,0.28658,0.67272,-0.55392,0.14668,-0.059827
1.1669,-0.51782,-0.13278,-1.0259,0.84319,-0.86209,0.086503,0.28588,0.67248,-0.55489,0.14772,-0.058146
1.1673,-0.51669,-0.13006,-1.0282,0.8438,-0.86231,0.089552,0.27968,0.67301,-0.555,0.14877,-0.058413
1.1677,-0.51557,-0.12732,-1.0304,0.84444,-0.86254,0.091632,0.26963,0.67428,-0.55432,0.14949,-0.060108
1.1681,-0.51452,-0.12469,-1.0326,0.84502,-0.86279,0.093389,0.25819,0.67624,-0.553,0.14946,-0.062108
1.1684,-0.51355,-0.12198,-1.0348,0.84556,-0.86305,0.095771,0.24755,0.67849,-0.55116,0.14822,-0.063085
1.1688,-0.51255,-0.11935,-1.0371,0.84612,-0.86331,0.099458,0.23891,0.68019,-0.54884,0.14555,-0.061941
1.1692,-0.51163,-0.11657,-1.0392,0.84666,-0.86355,0.10447,0.23246,0.68031,-0.54597,0.1417,-0.058153
1.1696,-0.51068,-0.11383,-1.0414,0.84732,-0.86376,0.11014,0.22784,0.67832,-0.54244,0.13753,-0.051902
1.1701,-0.50978,-0.11107,-1.0435,0.848,-0.86396,0.11542,0.22488,0.67456,-0.5382,0.1343,-0.04396
1.1706,-0.50887,-0.10837,-1.0457,0.84849,-0.86411,0.1194,0.22379,0.67023,-0.53338,0.13317,-0.035413
1.171,-0.50801,-0.10573,-1.0478,0.84889,-0.86423,0.12156,0.22504,0.66665,-0.52852,0.13462,-0.02732
1.1715,-0.50711,-0.10308,-1.0499,0.84933,-0.86432,0.12191,0.22882,0.66446,-0.52446,0.13814,-0.020434
1.172,-0.50618,-0.10053,-1.052,0.84991,-0.86439,0.12078,0.23469,0.66314,-0.52215,0.14242,-0.015074
1.1725,-0.5052,-0.097826,-1.0541,0.85059,-0.86446,0.11859,0.24161,0.66144,-0.52226,0.1459,-0.011151
1.1729,-0.50424,-0.095138,-1.0562,0.85132,-0.8645,0.11565,0.24831,0.65827,-0.52477,0.14746,-0.0083253
1.1734,-0.50321,-0.092502,-1.0583,0.85191,-0.86451,0.11212,0.25375,0.65364,-0.52886,0.1469,-0.006188
1.1739,-0.5022,-0.089832,-1.0604,0.85238,-0.86455,0.10812,0.25736,0.64891,-0.53315,0.14491,-0.0044228
1.1743,-0.50117,-0.087301,-1.0625,0.85286,-0.86455,0.10372,0.25893,0.64606,-0.53632,0.14259,-0.0028766
1.1747,-0.50012,-0.084771,-1.0647,0.8534,-0.86457,0.099045,0.25833,0.64648,-0.53758,0.14087,-0.0015467
1.1751,-0.49913,-0.082205,-1.0669,0.85404,-0.86457,0.094288,0.25548,0.64994,-0.53707,0.14006,-0.0005096
1.1754,-0.49808,-0.079604,-1.069,0.85469,-0.86457,0.089763,0.25046,0.65461,-0.53556,0.1399,0.00016356
1.1758,-0.4971,-0.076934,-1.0712,0.85525,-0.86457,0.08597,0.24389,0.65795,-0.53401,0.13983,0.00046647
1.1761,-0.49613,-0.074246,-1.0733,0.85577,-0.86457,0.083564,0.23706,0.65818,-0.5329,0.13943,0.00047295
1.1765,-0.4952,-0.071593,-1.0754,0.85629,-0.86457,0.083168,0.23167,0.65515,-0.53201,0.1386,0.0003116
1.1768,-0.49428,-0.06901,-1.0775,0.85682,-0.86457,0.08507,0.22908,0.65029,-0.53056,0.13751,0.00011898
1.1772,-0.49335,-0.066462,-1.0797,0.85739,-0.86457,0.088948,0.2296,0.64561,-0.52778,0.13634,-5.1751e-06
1.1775,-0.49248,-0.063897,-1.0818,0.85797,-0.86457,0.093826,0.23221,0.64249,-0.5234,0.13509,-2.2659e-05
1.1779,-0.49152,-0.061383,-1.0839,0.85849,-0.86457,0.098347,0.23506,0.64098,-0.51793,0.13363,4.4953e-05
1.1783,-0.49058,-0.058783,-1.0859,0.85896,-0.86457,0.10129,0.2364,0.64013,-0.51239,0.13187,0.00013991
1.1787,-0.4896,-0.056165,-1.088,0.85952,-0.86457,0.10203,0.23554,0.63887,-0.50785,0.13008,0.0002016
1.1792,-0.48867,-0.053582,-1.09,0.8601,-0.86457,0.10073,0.23318,0.63691,-0.50497,0.12886,0.00019561
1.1795,-0.48775,-0.051033,-1.0919,0.86062,-0.86457,0.098112,0.23093,0.63485,-0.5038,0.12888,0.00012773
1.1799,-0.48684,-0.048573,-1.094,0.86109,-0.86457,0.094981,0.23029,0.63361,-0.50395,0.13051,3.8592e-05
1.1802,-0.48592,-0.046042,-1.096,0.86162,-0.86457,0.091805,0.23179,0.63351,-0.50493,0.1334,-1.7932e-05
1.1806,-0.48499,-0.043563,-1.098,0.86211,-0.86457,0.088607,0.23475,0.6338,-0.50638,0.13656,-3.0279e-06
1.181,-0.48405,-0.040998,-1.1001,0.86261,-0.86457,0.085187,0.23788,0.63307,-0.50808,0.13873,8.4398e-05
1.1813,-0.48307,-0.038415,-1.1021,0.86326,-0.86457,0.081496,0.24014,0.63017,-0.50979,0.13893,0.00020136
1.1817,-0.48209,-0.035849,-1.1041,0.86392,-0.86457,0.077838,0.2414,0.62511,-0.51114,0.13689,0.00027516
1.182,-0.48113,-0.033371,-1.1062,0.86444,-0.86457,0.074768,0.24233,0.61922,-0.51165,0.1331,0.00023403
1.1822,-0.48017,-0.030945,-1.1082,0.86488,-0.86457,0.072739,0.24369,0.61438,-0.51098,0.12853,4.2019e-05
1.1825,-0.47922,-0.028554,-1.1103,0.86533,-0.86457,0.071777,0.24557,0.61191,-0.50914,0.12411,-0.00027751
1.1828,-0.47822,-0.026128,-1.1124,0.86581,-0.86457,0.071436,0.24701,0.61172,-0.5066,0.12038,-0.00064142
1.1831,-0.47723,-0.023649,-1.1143,0.86629,-0.86457,0.071067,0.24656,0.61245,-0.504,0.11745,-0.00093212
1.1834,-0.47625,-0.021153,-1.1163,0.86684,-0.86457,0.070244,0.24312,0.61241,-0.50173,0.11525,-0.0010399
1.1837,-0.47525,-0.018675,-1.1184,0.86736,-0.86458,0.069026,0.23679,0.61071,-0.49968,0.11384,-0.00090553
1.1839,-0.47433,-0.016232,-1.1203,0.8678,-0.86458,0.067894,0.22888,0.60785,-0.49722,0.11351,-0.00054477
1.1842,-0.47344,-0.01384,-1.1223,0.86816,-0.86458,0.067418,0.22128,0.60536,-0.49367,0.1146,-4.5302e-05
1.1844,-0.4726,-0.011467,-1.1243,0.86858,-0.86458,0.06788,0.2154,0.60474,-0.48882,0.11715,0.00046365
1.1847,-0.47173,-0.0090583,-1.1262,0.86909,-0.86458,0.069139,0.21153,0.60643,-0.48324,0.12061,0.00085547
1.185,-0.47089,-0.0066148,-1.1282,0.86959,-0.86457,0.070765,0.20899,0.60942,-0.4782,0.12387,0.001046
1.1853,-0.47003,-0.0041713,-1.1301,0.87012,-0.86457,0.072325,0.20693,0.61186,-0.47508,0.12566,0.0010143
1.1856,-0.46923,-0.0016406,-1.132,0.87064,-0.86457,0.073558,0.20528,0.61213,-0.47469,0.12518,0.00079788
1.1859,-0.46839,0.00080285,-1.1338,0.87115,-0.86457,0.074322,0.20505,0.60969,-0.47681,0.12251,0.00046931
1.1862,-0.46759,0.003194,-1.1358,0.8716,-0.86457,0.074382,0.20782,0.60526,-0.48029,0.11865,0.00010625
1.1865,-0.46674,0.0055851,-1.1377,0.87204,-0.86457,0.073296,0.21458,0.6002,-0.48358,0.1151,-0.00023113
1.1868,-0.46588,0.0079587,-1.1397,0.87249,-0.86457,0.070575,0.22477,0.59567,-0.48543,0.1132,-0.00050809
1.1871,-0.46496,0.010332,-1.1416,0.87296,-0.86457,0.066086,0.23602,0.59208,-0.4854,0.11357,-0.00070994
1.1873,-0.464,0.012706,-1.1435,0.87342,-0.86457,0.060433,0.245,0.58917,-0.4839,0.11595,-0.00083098
1.1876,-0.46297,0.01508,-1.1454,0.8739,-0.86457,0.054988,0.2489,0.58659,-0.48181,0.11939,-0.00086676
1.1878,-0.46199,0.017471,-1.1474,0.87439,-0.86458,0.051438,0.24668,0.58444,-0.47994,0.12282,-0.00081433
1.1879,-0.46101,0.019775,-1.1493,0.87486,-0.86458,0.051026,0.23961,0.58335,-0.47864,0.12549,-0.00067914
1.1881,-0.46007,0.022078,-1.1512,0.87539,-0.86458,0.053926,0.23057,0.58398,-0.4777,0.12716,-0.00048214
1.1883,-0.45918,0.0244,-1.1531,0.87589,-0.86458,0.059126,0.22273,0.58645,-0.47657,0.12795,-0.00026072
1.1886,-0.45829,0.026738,-1.155,0.8764,-0.86458,0.064923,0.21812,0.58994,-0.4747,0.12812,-6.0481e-05
1.1889,-0.45743,0.029112,-1.1569,0.87694,-0.86458,0.069744,0.21696,0.59295,-0.47181,0.12775,7.8985e-05
1.1892,-0.45656,0.031538,-1.1588,0.87743,-0.86458,0.072805,0.21781,0.59409,-0.46796,0.12677,0.00013792
1.1895,-0.45567,0.033929,-1.1606,0.87788,-0.86458,0.074236,0.21852,0.59279,-0.46349,0.12517,0.00012269
1.1898,-0.4548,0.036285,-1.1625,0.87837,-0.86458,0.074642,0.21736,0.5896,-0.45889,0.12319,6.1473e-05
1.1901,-0.45394,0.038624,-1.1643,0.87897,-0.86458,0.074431,0.21383,0.58587,-0.45464,0.12135,-8.5048e-06
1.1903,-0.4531,0.040911,-1.1662,0.87947,-0.86458,0.073411,0.20874,0.58295,-0.45121,0.12036,-5.6132e-05
1.1907,-0.45228,0.043249,-1.1679,0.87991,-0.86458,0.070923,0.20377,0.58146,-0.44892,0.1207,-6.7075e-05
1.191,-0.45146,0.045588,-1.1697,0.88033,-0.86458,0.066444,0.20065,0.58107,-0.44797,0.12232,-4.5877e-05
1.1912,-0.45066,0.047927,-1.1715,0.88082,-0.86458,0.060245,0.20051,0.58072,-0.44831,0.12463,-9.8008e-06
1.1914,-0.44986,0.050265,-1.1733,0.8813,-0.86458,0.053615,0.20344,0.57929,-0.44964,0.12668,2.152e-05
1.1916,-0.44904,0.052604,-1.1751,0.88186,-0.86458,0.048445,0.20857,0.57615,-0.45151,0.12761,3.5277e-05
1.1918,-0.4482,0.054856,-1.1769,0.88246,-0.86458,0.046347,0.21447,0.57138,-0.45347,0.127,2.9622e-05
1.192,-0.44733,0.057107,-1.1787,0.88294,-0.86458,0.047797,0.21962,0.56574,-0.45514,0.12499,1.1923e-05
1.1922,-0.44644,0.059341,-1.1806,0.8834,-0.86458,0.051805,0.22294,0.56028,-0.45634,0.12222,-6.7939e-06
1.1924,-0.44553,0.061593,-1.1824,0.88382,-0.86458,0.056327,0.22398,0.55605,-0.45699,0.1194,-1.7776e-05
1.1927,-0.44466,0.063844,-1.1842,0.88429,-0.86458,0.059235,0.22291,0.55386,-0.45706,0.11708,-1.7997e-05
1.1929,-0.44375,0.066078,-1.1861,0.88476,-0.86458,0.059332,0.22032,0.55412,-0.45645,0.11543,-1.0095e-05
1.1931,-0.44288,0.068295,-1.1879,0.88528,-0.86458,0.0569,0.2169,0.55663,-0.45506,0.11436,3.1002e-07
1.1933,-0.44202,0.070476,-1.1897,0.88577,-0.86458,0.053497,0.21332,0.56054,-0.4529,0.11367,7.9968e-06
1.1935,-0.44118,0.072728,-1.1915,0.88621,-0.86458,0.051123,0.21017,0.56439,-0.45016,0.11323,1.0423e-05
1.1938,-0.44035,0.074979,-1.1933,0.88663,-0.86458,0.051189,0.20806,0.56652,-0.44726,0.11301,8.127e-06
1.1939,-0.43951,0.077266,-1.1951,0.88703,-0.86458,0.053787,0.20766,0.56569,-0.44461,0.11309,3.5732e-06
1.1942,-0.43867,0.07957,-1.1968,0.8875,-0.86458,0.057617,0.20948,0.56161,-0.44241,0.11347,-5.6068e-07
1.1944,-0.43783,0.081786,-1.1986,0.88797,-0.86458,0.060595,0.21353,0.55522,-0.44053,0.11408,-2.6781e-06
1.1947,-0.43698,0.083985,-1.2004,0.88844,-0.86458,0.06084,0.21892,0.54838,-0.43852,0.11475,-2.6422e-06
1.1949,-0.43609,0.086167,-1.2021,0.88891,-0.86458,0.057583,0.22374,0.5431,-0.43591,0.11526,-1.3445e-06
1.1951,-0.43518,0.088314,-1.2039,0.88942,-0.86458,0.051579,0.22547,0.54071,-0.43253,0.11544,7.0263e-08
1.1953,-0.43427,0.09046,-1.2056,0.88984,-0.86458,0.044836,0.22185,0.54132,-0.42873,0.11518,8.3996e-07
1.1955,-0.43342,0.092642,-1.2073,0.89026,-0.86458,0.039775,0.212,0.54391,-0.4253,0.11441,8.2491e-07
1.1956,-0.43258,0.094824,-1.209,0.89068,-0.86458,0.0382,0.19716,0.54691,-0.42316,0.11318,3.6668e-07
1.1958,-0.43183,0.097058,-1.2107,0.89118,-0.86458,0.040539,0.18074,0.54889,-0.42292,0.11171,-4.6799e-08
1.196,-0.43113,0.099257,-1.2124,0.89165,-0.86458,0.045693,0.16742,0.54908,-0.42453,0.11039,-9.9665e-08
1.1961,-0.43049,0.10144,-1.2141,0.89209,-0.86458,0.051581,0.16158,0.54745,-0.42729,0.10972,1.8599e-07
1.1964,-0.42986,0.10359,-1.2158,0.89253,-0.86458,0.056115,0.16562,0.5444,-0.43013,0.11017,4.8942e-07
1.1966,-0.42918,0.10573,-1.2175,0.89298,-0.86458,0.058163,0.17893,0.54047,-0.43207,0.11188,4.0177e-07
1.1968,-0.42841,0.10793,-1.2193,0.89342,-0.86458,0.058031,0.19779,0.5361,-0.4326,0.11447,-2.7919e-07
1.1971,-0.42757,0.11006,-1.221,0.89382,-0.86458,0.05723,0.21652,0.53177,-0.4318,0.11707,-1.3107e-06
1.1973,-0.42668,0.11222,-1.2227,0.89429,-0.86458,0.057652,0.22936,0.52807,-0.43018,0.11858,-1.9913e-06
1.1975,-0.42576,0.1143,-1.2244,0.89483,-0.86458,0.060563,0.23246,0.52569,-0.42835,0.11813,-1.4783e-06
1.1978,-0.42483,0.1164,-1.2261,0.89532,-0.86458,0.065909,0.22528,0.52508,-0.42675,0.11546,6.1968e-07
1.198,-0.42394,0.11847,-1.2278,0.89577,-0.86458,0.072293,0.21084,0.52612,-0.42544,0.1111,3.6554e-06
1.1983,-0.42314,0.12058,-1.2295,0.89619,-0.86458,0.077607,0.19468,0.52787,-0.42424,0.10609,5.7971e-06
1.1987,-0.42239,0.12271,-1.2312,0.89659,-0.86458,0.080015,0.18284,0.52879,-0.42287,0.1016,4.658e-06
1.199,-0.42167,0.12483,-1.2329,0.89696,-0.86458,0.078784,0.17967,0.52735,-0.4211,0.098391,-1.3569e-06
1.1993,-0.42096,0.12694,-1.2346,0.89734,-0.86458,0.074583,0.18606,0.52281,-0.41888,0.096639,-1.1596e-05
1.1996,-0.42017,0.12903,-1.2363,0.89775,-0.86458,0.069151,0.1991,0.51568,-0.41627,0.096005,-2.2568e-05
1.1998,-0.41937,0.13107,-1.2379,0.89816,-0.86458,0.064541,0.21301,0.50765,-0.41333,0.095987,-2.9021e-05
1.2001,-0.41848,0.13306,-1.2396,0.89855,-0.86458,0.062335,0.22144,0.50095,-0.41008,0.096273,-2.6649e-05
1.2003,-0.4176,0.13505,-1.2412,0.89895,-0.86458,0.063168,0.21987,0.49746,-0.40653,0.096877,-1.527e-05
1.2006,-0.41671,0.13704,-1.2428,0.89932,-0.86458,0.066709,0.20749,0.49791,-0.40278,0.098016,-4.8338e-07
1.2009,-0.41591,0.13905,-1.2444,0.89968,-0.86458,0.072012,0.18764,0.50163,-0.39908,0.099834,7.8823e-06
1.2012,-0.41521,0.14107,-1.246,0.90008,-0.86458,0.077967,0.16662,0.50684,-0.39589,0.10219,7.3973e-07
1.2015,-0.4146,0.14312,-1.2476,0.90049,-0.86458,0.083647,0.15145,0.51136,-0.39375,0.10464,-2.3908e-05
1.2018,-0.41403,0.14516,-1.2491,0.90092,-0.86458,0.088448,0.1473,0.51339,-0.39309,0.10666,-5.6899e-05
1.2022,-0.41342,0.14722,-1.2507,0.90139,-0.86458,0.092067,0.15566,0.51205,-0.39407,0.10786,-7.9592e-05
1.2026,-0.41275,0.14923,-1.2523,0.90185,-0.86458,0.094434,0.17391,0.50757,-0.39648,0.10815,-7.2227e-05
1.203,-0.41202,0.15129,-1.2539,0.90227,-0.86458,0.095692,0.19635,0.50103,-0.39972,0.10761,-2.5972e-05
1.2034,-0.41118,0.15326,-1.2555,0.90267,-0.86458,0.096217,0.21616,0.49402,-0.40296,0.10634,4.7603e-05
1.2037,-0.41031,0.15523,-1.2571,0.90305,-0.86458,0.096587,0.22772,0.48812,-0.40538,0.10431,0.00011621
1.2041,-0.40938,0.15717,-1.2588,0.90347,-0.86458,0.097446,0.22827,0.48445,-0.40636,0.1015,0.00013868
1.2045,-0.40846,0.1591,-1.2604,0.90387,-0.86458,0.099257,0.21852,0.48342,-0.4057,0.098169,8.5624e-05
1.205,-0.40762,0.16104,-1.262,0.90427,-0.86458,0.10207,0.20209,0.4846,-0.40361,0.095123,-4.0235e-05
1.2053,-0.40684,0.16296,-1.2636,0.90467,-0.86458,0.10544,0.18405,0.48686,-0.40067,0.093595,-0.00019513
1.2058,-0.40616,0.16493,-1.2652,0.90511,-0.86458,0.10855,0.16922,0.48872,-0.3976,0.094769,-0.00030332
1.2062,-0.40551,0.16689,-1.2668,0.90548,-0.86458,0.11059,0.16081,0.48879,-0.39503,0.099043,-0.00028198
1.2067,-0.40486,0.16884,-1.2684,0.90581,-0.86458,0.11107,0.15979,0.4863,-0.3933,0.10549,-7.0379e-05
1.2071,-0.40422,0.17076,-1.27,0.90617,-0.86458,0.11007,0.16505,0.48133,-0.39236,0.11193,0.00035219
1.2075,-0.40354,0.1727,-1.2715,0.90665,-0.86458,0.1081,0.17421,0.47478,-0.39182,0.11571,0.0009708
1.208,-0.40282,0.17459,-1.2731,0.90719,-0.86458,0.10578,0.18455,0.46801,-0.39113,0.11496,0.0017605
1.2084,-0.40207,0.17644,-1.2746,0.90769,-0.86458,0.10347,0.19375,0.4624,-0.38981,0.10961,0.0027185
1.2088,-0.40129,0.17827,-1.2762,0.90811,-0.86455,0.10103,0.2002,0.45886,-0.38759,0.10166,0.0038809
1.2092,-0.40047,0.1801,-1.2778,0.90848,-0.86453,0.097998,0.20302,0.45768,-0.38449,0.09433,0.005306
1.2096,-0.39963,0.18193,-1.2793,0.90885,-0.86451,0.093958,0.20183,0.45858,-0.38078,0.090556,0.0070232
1.2099,-0.39886,0.18377,-1.2808,0.90916,-0.86448,0.088965,0.19669,0.46098,-0.37684,0.09144,0.0089669
1.2103,-0.39809,0.18563,-1.2823,0.90951,-0.86444,0.083715,0.18815,0.46424,-0.37307,0.095621,0.010929
1.2106,-0.39734,0.1875,-1.2838,0.90988,-0.86439,0.0793,0.17736,0.46776,-0.36983,0.099897,0.012564
1.211,-0.39666,0.18937,-1.2852,0.91033,-0.86436,0.07664,0.16604,0.47094,-0.36738,0.10089,0.01346
1.2112,-0.396,0.19125,-1.2867,0.91078,-0.86429,0.075912,0.15627,0.47317,-0.36592,0.096888,0.013266
1.2115,-0.3954,0.19314,-1.2882,0.91117,-0.86425,0.076309,0.14999,0.47374,-0.36559,0.088958,0.011817
1.2118,-0.39483,0.19504,-1.2896,0.91152,-0.86418,0.076348,0.14852,0.47209,-0.36637,0.080564,0.0092311
1.2121,-0.39423,0.19693,-1.2911,0.91179,-0.86415,0.07459,0.15214,0.46802,-0.36804,0.075934,0.0059028
1.2125,-0.39361,0.19879,-1.2926,0.91206,-0.86415,0.070428,0.16006,0.46187,-0.37019,0.077895,0.0024144
1.2127,-0.39293,0.20064,-1.2941,0.91235,-0.86415,0.064494,0.17057,0.45449,-0.37225,0.086301,-0.00062677
1.213,-0.39223,0.20244,-1.2956,0.91269,-0.86416,0.058432,0.18142,0.44702,-0.37365,0.097896,-0.0027589
1.2132,-0.39148,0.20419,-1.2971,0.91314,-0.86416,0.054108,0.19031,0.4405,-0.37396,0.10773,-0.0037854
1.2134,-0.39073,0.20593,-1.2985,0.91366,-0.86418,0.052651,0.19526,0.43558,-0.37307,0.11145,-0.0038032
1.2136,-0.38994,0.20768,-1.3,0.91413,-0.8642,0.05382,0.19498,0.4324,-0.37114,0.10742,-0.0031352
1.2138,-0.38916,0.20942,-1.3015,0.91452,-0.8642,0.056021,0.18906,0.43073,-0.36857,0.097489,-0.0021982
1.2141,-0.38841,0.21113,-1.303,0.91483,-0.86422,0.056987,0.17813,0.43018,-0.36586,0.08616,-0.0013607
1.2143,-0.38771,0.21286,-1.3044,0.91515,-0.86422,0.054769,0.16382,0.43039,-0.36339,0.078464,-0.00084064
1.2145,-0.38711,0.21457,-1.3059,0.91546,-0.86422,0.048574,0.14854,0.43107,-0.36136,0.077572,-0.00067351
1.2147,-0.38654,0.2163,-1.3073,0.91579,-0.86422,0.039052,0.13509,0.4319,-0.35976,0.083297,-0.00074866
1.2148,-0.38603,0.21803,-1.3088,0.91614,-0.86423,0.027958,0.12616,0.43247,-0.3584,0.092173,-0.00088886
1.2149,-0.38554,0.21975,-1.3102,0.91651,-0.86423,0.017401,0.12373,0.43223,-0.35699,0.099077,-0.00093503
1.2149,-0.38502,0.22148,-1.3116,0.91693,-0.86423,0.0090478,0.12864,0.43071,-0.35527,0.099622,-0.0008049
1.215,-0.3845,0.22319,-1.3131,0.91735,-0.86423,0.0036394,0.14023,0.42769,-0.3531,0.092232,-0.00051038
1.215,-0.3839,0.22492,-1.3144,0.91769,-0.86423,0.00095695,0.15638,0.42342,-0.35045,0.078948,-0.00013693
1.215,-0.38326,0.22661,-1.3158,0.91797,-0.86423,0.00015767,0.17381,0.41856,-0.34746,0.064634,0.00019875
1.215,-0.38254,0.22827,-1.3173,0.91818,-0.86423,0.00025221,0.18875,0.41402,-0.34435,0.054941,0.00039353
1.215,-0.38174,0.22988,-1.3186,0.91839,-0.86423,0.0004882,0.19776,0.41067,-0.34136,0.053931,0.00039039
1.215,-0.38094,0.23152,-1.32,0.9186,-0.86423,0.00051085,0.19857,0.40909,-0.33865,0.062367,0.00019228
1.215,-0.38013,0.23318,-1.3213,0.91888,-0.86423,0.00030787,0.19067,0.40949,-0.33626,0.077358,-0.00014116
1.215,-0.37942,0.23483,-1.3226,0.91923,-0.86423,3.9465e-05,0.17555,0.41162,-0.33413,0.093465,-0.00050871
1.215,-0.37875,0.23649,-1.324,0.91965,-0.86423,-0.00012993,0.15641,0.41486,-0.33219,0.10477,-0.00078799
1.215,-0.37816,0.23813,-1.3253,0.92009,-0.86423,-0.00012657,0.13746,0.41826,-0.33049,0.10705,-0.00085642
1.215,-0.37765,0.23981,-1.3266,0.92052,-0.86423,2.0566e-05,0.123,0.42062,-0.32919,0.09929,-0.00061016
1.215,-0.37718,0.2415,-1.328,0.92089,-0.86425,0.00021913,0.11635,0.42075,-0.32859,0.083884,2.0177e-05
1.215,-0.37671,0.24316,-1.3293,0.92117,-0.86425,0.00036583,0.1189,0.41772,-0.32899,0.065724,0.0010572
1.215,-0.37621,0.24485,-1.3306,0.92138,-0.86423,0.00038889,0.12962,0.41129,-0.33045,0.05042,0.0024679
1.215,-0.37568,0.24648,-1.3319,0.92155,-0.86422,0.00027364,0.14517,0.40216,-0.33271,0.042421,0.0041601
1.215,-0.37507,0.24806,-1.3332,0.92173,-0.8642,7.0107e-05,0.16071,0.39194,-0.33516,0.043646,0.005985
1.215,-0.37441,0.24962,-1.3346,0.92194,-0.86416,-0.00012126,0.17129,0.38273,-0.33701,0.053032,0.0077513
1.215,-0.37371,0.25114,-1.3359,0.92218,-0.86415,-0.00018895,0.17341,0.37644,-0.33753,0.067066,0.009251
1.215,-0.37299,0.2526,-1.3373,0.92248,-0.86411,-6.7537e-05,0.16615,0.37414,-0.33639,0.08105,0.010297
1.215,-0.37235,0.2541,-1.3386,0.92283,-0.86406,0.00021093,0.1515,0.37563,-0.33373,0.090651,0.010768
1.215,-0.37179,0.25562,-1.34,0.92316,-0.86401,0.00050299,0.13364,0.37955,-0.33013,0.093248,0.010639
1.215,-0.3713,0.25716,-1.3413,0.92352,-0.86397,0.00059833,0.11752,0.38395,-0.32641,0.088677,0.010001
1.215,-0.37087,0.25871,-1.3426,0.92389,-0.86394,0.00031455,0.10724,0.387,-0.32329,0.079167,0.0090412
1.215,-0.37045,0.26025,-1.3439,0.9242,-0.8639,-0.00039868,0.10497,0.38758,-0.32114,0.068525,0.0079911
1.215,-0.37003,0.2618,-1.3451,0.92447,-0.86387,-0.0014018,0.11057,0.38556,-0.3199,0.060828,0.00706
1.215,-0.36954,0.26332,-1.3464,0.92469,-0.86385,-0.0023941,0.12201,0.38163,-0.31912,0.059053,0.0063702
1.215,-0.36903,0.26485,-1.3477,0.92492,-0.86382,-0.003027,0.13606,0.37688,-0.31824,0.064082,0.0059214
1.2149,-0.36846,0.26635,-1.349,0.92515,-0.8638,-0.0030552,0.14918,0.37241,-0.31677,0.074413,0.0056026
1.2149,-0.36785,0.26782,-1.3502,0.92548,-0.86378,-0.0024524,0.15811,0.36904,-0.31449,0.086682,0.0052455
1.2149,-0.36722,0.26929,-1.3515,0.92588,-0.86376,-0.0014326,0.16048,0.36725,-0.31148,0.0968,0.004701
1.2149,-0.36657,0.27077,-1.3527,0.92633,-0.86375,-0.00036359,0.15535,0.3672,-0.30801,0.10134,0.0039073
1.2149,-0.36596,0.27225,-1.3539,0.92672,-0.86371,0.00038772,0.14366,0.36872,-0.30444,0.098656,0.00292
1.2149,-0.3654,0.27372,-1.3552,0.92707,-0.86371,0.00060562,0.12835,0.37126,-0.30104,0.089395,0.0018921
1.2149,-0.36493,0.2752,-1.3563,0.92738,-0.86371,0.00030174,0.11385,0.37386,-0.29799,0.076187,0.0010133
1.2149,-0.36449,0.2767,-1.3575,0.92766,-0.86371,-0.00031199,0.10483,0.37528,-0.29528,0.062699,0.00043505
1.2149,-0.36409,0.27821,-1.3587,0.9279,-0.86371,-0.00093245,0.10456,0.3743,-0.29288,0.052389,0.00021271
1.2149,-0.36367,0.27969,-1.3599,0.92813,-0.86371,-0.0012991,0.11353,0.37025,-0.29069,0.047419,0.00028978
1.2149,-0.36319,0.28117,-1.361,0.92831,-0.86371,-0.0012908,0.12903,0.36336,-0.28865,0.048095,0.00052646
1.2149,-0.36264,0.28262,-1.3622,0.92848,-0.86369,-0.00095132,0.14602,0.35482,-0.28673,0.05297,0.00075801
1.2149,-0.36202,0.28402,-1.3633,0.92869,-0.86369,-0.00044386,0.15898,0.34649,-0.28494,0.059522,0.00085597
1.2149,-0.36135,0.28538,-1.3645,0.92895,-0.86369,3.1033e-05,0.16393,0.34021,-0.28337,0.065085,0.00076725
1.2149,-0.36071,0.28674,-1.3656,0.92923,-0.86369,0.0003166,0.15974,0.33706,-0.28215,0.067709,0.00051894
1.2149,-0.36008,0.28807,-1.3667,0.92953,-0.86369,0.00035035,0.14819,0.33702,-0.28142,0.066656,0.00019299
1.2149,-0.35952,0.28941,-1.3678,0.92979,-0.86369,0.00017414,0.13288,0.33906,-0.28126,0.062447,-0.0001134
1.2149,-0.35901,0.29077,-1.369,0.93,-0.86369,-9.16e-05,0.11768,0.34159,-0.28163,0.056532,-0.00032284
1.2149,-0.35858,0.29219,-1.3701,0.93021,-0.86369,-0.00029816,0.10547,0.34319,-0.28235,0.050772,-0.00039613
1.2149,-0.35819,0.29355,-1.3712,0.93038,-0.86369,-0.00032925,0.097718,0.34308,-0.28313,0.046923,-0.00033219
1.2149,-0.35781,0.29491,-1.3724,0.93057,-0.86369,-0.00015445,0.094875,0.3412,-0.28367,0.04624,-0.00015682
1.2149,-0.35741,0.29627,-1.3735,0.93078,-0.86369,0.00014619,0.096934,0.33801,-0.28379,0.049251,9.042e-05
1.2149,-0.35701,0.2976,-1.3746,0.93101,-0.86369,0.00040567,0.10372,0.3341,-0.28344,0.055667,0.00036458
1.2149,-0.35657,0.29892,-1.3758,0.93126,-0.86369,0.00044528,0.11462,0.32995,-0.28273,0.064408,0.00061908
1.2149,-0.35612,0.30025,-1.3769,0.93152,-0.86369,0.00017812,0.128,0.3259,-0.28174,0.073781,0.00080878
1.2149,-0.35558,0.30154,-1.378,0.9318,-0.86369,-0.00030746,0.14098,0.32229,-0.2805,0.081805,0.00089651
1.2149,-0.35498,0.30285,-1.3791,0.93213,-0.86368,-0.00073751,0.14997,0.31961,-0.27887,0.086718,0.00086314
1.2149,-0.35437,0.30411,-1.3803,0.93248,-0.86368,-0.0007414,0.15194,0.3184,-0.2767,0.087532,0.00071671
1.2149,-0.35376,0.30538,-1.3814,0.93286,-0.86368,-1.5868e-05,0.14585,0.31898,-0.27389,0.084463,0.00049427
1.2149,-0.35318,0.30665,-1.3824,0.93321,-0.86368,0.0015076,0.13344,0.32115,-0.2706,0.078997,0.00025257
1.2149,-0.35268,0.30793,-1.3835,0.93351,-0.86368,0.0035792,0.11874,0.32404,-0.26724,0.073484,4.9624e-05
1.2149,-0.35224,0.30924,-1.3846,0.93379,-0.86368,0.0056859,0.10648,0.3264,-0.26429,0.070296,-7.5393e-05
1.215,-0.35186,0.31055,-1.3856,0.93405,-0.86368,0.007234,0.10008,0.32708,-0.26212,0.07087,-0.00011465
1.215,-0.35146,0.31187,-1.3867,0.93433,-0.86368,0.0077791,0.10028,0.32556,-0.26075,0.075024,-9.0384e-05
1.215,-0.35104,0.31318,-1.3877,0.93464,-0.86368,0.0071977,0.10502,0.32221,-0.25984,0.080915,-4.0576e-05
1.215,-0.3506,0.31446,-1.3888,0.93497,-0.86368,0.0057201,0.11071,0.31807,-0.25882,0.08574,9.3689e-07
1.2151,-0.35015,0.3157,-1.3898,0.93534,-0.86368,0.0038156,0.11414,0.31432,-0.2572,0.086949,1.9622e-05
1.2151,-0.34969,0.31693,-1.3908,0.93569,-0.86368,0.0019936,0.11403,0.31166,-0.25477,0.083472,2.2911e-05
1.2151,-0.34924,0.31819,-1.3918,0.936,-0.86368,0.00061887,0.11148,0.30993,-0.25175,0.07639,2.955e-05
1.2151,-0.3488,0.31945,-1.3928,0.9363,-0.86368,-0.00017677,0.10914,0.30823,-0.24861,0.068678,5.2346e-05
1.2151,-0.34837,0.32067,-1.3938,0.93656,-0.86368,-0.00046567,0.10964,0.30541,-0.24581,0.064061,8.5039e-05
1.2151,-0.34793,0.32189,-1.3948,0.93682,-0.86368,-0.00041722,0.11412,0.30069,-0.24363,0.065417,0.0001022
1.2151,-0.34746,0.32306,-1.3958,0.93708,-0.86368,-0.00018329,0.12158,0.29409,-0.24197,0.07341,7.3926e-05
1.2151,-0.34695,0.32423,-1.3967,0.93738,-0.86368,0.00016512,0.1293,0.2864,-0.24052,0.085984,-1.1622e-05
1.2151,-0.34641,0.32536,-1.3977,0.93773,-0.86368,0.00063202,0.13414,0.27889,-0.23896,0.09899,-0.00013084
1.2151,-0.34587,0.32646,-1.3987,0.93817,-0.86368,0.0012442,0.13383,0.27271,-0.2371,0.10776,-0.00022487
1.2151,-0.34535,0.32755,-1.3996,0.93866,-0.86368,0.0019929,0.12791,0.26854,-0.23497,0.10896,-0.00022255
1.2151,-0.34486,0.32859,-1.4005,0.93907,-0.86368,0.0028026,0.11777,0.26641,-0.23275,0.10201,-7.9925e-05
1.2151,-0.34442,0.32968,-1.4014,0.93944,-0.86368,0.003536,0.10588,0.26588,-0.23061,0.089412,0.00017982
1.2151,-0.344,0.33074,-1.4024,0.93977,-0.86368,0.0040281,0.094713,0.26632,-0.22866,0.075785,0.00044609
1.2152,-0.34364,0.3318,-1.4033,0.94007,-0.86368,0.0041336,0.085875,0.26718,-0.22692,0.066104,0.00053502
1.2152,-0.34331,0.33289,-1.4042,0.9403,-0.86368,0.0037751,0.079798,0.26807,-0.22548,0.063719,0.00024023
1.2152,-0.34303,0.33393,-1.4051,0.94056,-0.86368,0.0029787,0.076155,0.26866,-0.22455,0.06903,-0.00059383
1.2152,-0.34271,0.33503,-1.406,0.94084,-0.86368,0.0018841,0.07468,0.2686,-0.22446,0.079344,-0.0020013
1.2152,-0.34243,0.33608,-1.4069,0.94117,-0.86368,0.00071556,0.075856,0.26747,-0.22551,0.08996,-0.0038552
1.2152,-0.3421,0.33716,-1.4078,0.94157,-0.86371,-0.00028606,0.080992,0.26501,-0.22773,0.096047,-0.005879
1.2152,-0.34175,0.33821,-1.4087,0.94201,-0.86375,-0.00094755,0.091501,0.26125,-0.23077,0.094565,-0.0077096
1.2152,-0.34137,0.33926,-1.4096,0.94236,-0.86376,-0.0012248,0.10764,0.25675,-0.23393,0.08547,-0.0089959
1.2152,-0.3409,0.34029,-1.4106,0.94263,-0.8638,-0.0012037,0.12743,0.25256,-0.2364,0.071738,-0.0094999
1.2152,-0.34037,0.34126,-1.4115,0.94288,-0.86385,-0.0010333,0.1464,0.24993,-0.23753,0.058229,-0.0091659
1.2152,-0.33975,0.34226,-1.4125,0.94311,-0.86389,-0.00082828,0.15861,0.24986,-0.23703,0.049839,-0.0081338
1.2152,-0.33908,0.34327,-1.4134,0.94332,-0.8639,-0.00060138,0.15878,0.25272,-0.23506,0.049682,-0.0066916
1.2152,-0.33845,0.34428,-1.4143,0.94352,-0.86394,-0.00027324,0.14448,0.25803,-0.23205,0.057979,-0.0051835
1.2152,-0.33791,0.34535,-1.4153,0.94377,-0.86396,0.00024324,0.11767,0.26454,-0.2285,0.072032,-0.0039072
1.2152,-0.33753,0.3464,-1.4162,0.94407,-0.86396,0.00094404,0.084563,0.2706,-0.22482,0.087245,-0.0030343
1.2152,-0.33725,0.3475,-1.4171,0.94445,-0.86397,0.0016995,0.053786,0.27461,-0.22124,0.098755,-0.0025785
1.2152,-0.33709,0.34861,-1.418,0.94487,-0.86399,0.0023256,0.033622,0.27546,-0.2179,0.10302,-0.0024202
1.2152,-0.33699,0.34971,-1.4188,0.94532,-0.86399,0.0027267,0.029244,0.27278,-0.21492,0.09884,-0.0023706
1.2152,-0.33687,0.35079,-1.4197,0.94571,-0.86401,0.0030118,0.041094,0.26695,-0.21244,0.087451,-0.0022517
1.2152,-0.33666,0.35182,-1.4205,0.94599,-0.86401,0.003485,0.064916,0.25897,-0.21056,0.071877,-0.001959
1.2152,-0.33632,0.35285,-1.4213,0.94623,-0.86403,0.0044815,0.093307,0.25023,-0.20926,0.055794,-0.0014886
1.2153,-0.33591,0.35385,-1.4222,0.9464,-0.86403,0.0061247,0.11816,0.24215,-0.20835,0.042442,-0.00092281
1.2153,-0.33538,0.35481,-1.423,0.94656,-0.86403,0.0081519,0.13309,0.23594,-0.20747,0.033902,-0.00038501
1.2153,-0.33486,0.35573,-1.4239,0.94672,-0.86403,0.0099371,0.13515,0.23231,-0.2063,0.030903,1.438e-05
1.2153,-0.33432,0.35666,-1.4247,0.94684,-0.86403,0.010734,0.12536,0.2313,-0.20462,0.03303,0.00021918
1.2154,-0.33385,0.35758,-1.4255,0.947,-0.86403,0.010034,0.10804,0.23226,-0.20248,0.039116,0.00024155
1.2155,-0.33345,0.35851,-1.4263,0.94716,-0.86403,0.0078439,0.089228,0.234,-0.20009,0.047596,0.00014737
1.2155,-0.33311,0.35945,-1.4271,0.94735,-0.86403,0.004736,0.074659,0.23512,-0.19776,0.056725,2.2459e-05
1.2155,-0.33283,0.36041,-1.4279,0.94759,-0.86403,0.0016163,0.067964,0.23447,-0.19569,0.064707,-6.3725e-05
1.2155,-0.33259,0.36132,-1.4287,0.94785,-0.86403,-0.00066184,0.069618,0.23152,-0.19387,0.069843,-8.1883e-05
1.2155,-0.33231,0.36226,-1.4294,0.94813,-0.86403,-0.0016504,0.077008,0.22653,-0.19215,0.07078,-4.5613e-05
1.2155,-0.33196,0.36313,-1.4302,0.94845,-0.86403,-0.0014482,0.085584,0.22044,-0.19028,0.066839,5.3029e-06
1.2155,-0.33161,0.36402,-1.431,0.94871,-0.86403,-0.0005774,0.090679,0.21448,-0.18807,0.058272,3.1282e-05
1.2155,-0.33123,0.36486,-1.4317,0.94892,-0.86403,0.0003165,0.089277,0.2097,-0.18552,0.046318,1.5722e-05
1.2155,-0.3309,0.36568,-1.4324,0.94906,-0.86403,0.00077376,0.081056,0.2066,-0.18279,0.032937,-2.6603e-05
1.2155,-0.33058,0.3665,-1.4332,0.94916,-0.86403,0.0006835,0.06832,0.20493,-0.18015,0.020301,-5.9135e-05
1.2155,-0.33036,0.36734,-1.4339,0.94921,-0.86403,0.00024548,0.054914,0.20392,-0.1779,0.010185,-4.6033e-05
1.2155,-0.33016,0.36814,-1.4346,0.94925,-0.86403,-0.00021219,0.044661,0.20253,-0.17619,0.0035138,2.38e-05
1.2155,-0.32999,0.36895,-1.4353,0.94925,-0.86403,-0.00043681,0.039977,0.19993,-0.17505,0.0002073,0.0001238
1.2155,-0.32983,0.36975,-1.436,0.94925,-0.86403,-0.00036594,0.041213,0.19575,-0.17433,-0.00062127,0.00019578
1.2155,-0.32966,0.37052,-1.4367,0.94925,-0.86403,-0.000113,0.046864,0.19023,-0.17382,-0.00022952,0.00017425
1.2155,-0.32947,0.37125,-1.4374,0.94925,-0.86403,0.00013843,0.054418,0.18408,-0.17326,0.00023772,1.8855e-05
1.2155,-0.32922,0.37198,-1.4381,0.94925,-0.86403,0.00025224,0.061397,0.17823,-0.17245,9.2185e-05,-0.00025969
1.2155,-0.32898,0.3727,-1.4387,0.94925,-0.86403,0.0002022,0.06615,0.17354,-0.17129,-0.00079597,-0.00059416
1.2155,-0.3287,0.37336,-1.4394,0.94925,-0.86403,5.8412e-05,0.068178,0.17058,-0.16976,-0.0021259,-0.00088094
1.2155,-0.32842,0.37406,-1.4401,0.94921,-0.86403,-7.5274e-05,0.068015,0.16946,-0.16794,-0.003421,-0.0010198
1.2155,-0.32816,0.37472,-1.4408,0.94921,-0.86404,-0.00012598,0.066827,0.16986,-0.16598,-0.0042804,-0.00095726
1.2155,-0.3279,0.3754,-1.4414,0.9492,-0.86404,-8.2871e-05,0.065933,0.17119,-0.16407,-0.0045282,-0.00071337
1.2155,-0.32763,0.3761,-1.4421,0.94918,-0.86404,1.2815e-05,0.066387,0.1728,-0.16245,-0.004228,-0.00037906
1.2155,-0.32735,0.37678,-1.4427,0.94916,-0.86404,0.00010198,0.068652,0.17423,-0.16134,-0.003596,-8.0884e-05
1.2155,-0.32707,0.37748,-1.4434,0.94916,-0.86404,0.00014187,0.072419,0.17539,-0.16091,-0.0028774,7.3237e-05
1.2155,-0.32678,0.3782,-1.444,0.94913,-0.86404,0.0001236,0.076616,0.17655,-0.16123,-0.0022482,4.5386e-05
1.2155,-0.32646,0.37889,-1.4447,0.94913,-0.86404,6.9932e-05,0.07967,0.17826,-0.16223,-0.0017762,-0.00010656
1.2155,-0.32615,0.37963,-1.4453,0.94913,-0.86404,1.9034e-05,0.080048,0.18099,-0.16372,-0.0014379,-0.00024147
1.2155,-0.32584,0.38034,-1.446,0.94913,-0.86404,3.5869e-06,0.076947,0.18488,-0.16542,-0.0011678,-0.00018267
1.2155,-0.32552,0.38109,-1.4466,0.94911,-0.86404,3.3321e-05,0.070885,0.18951,-0.16708,-0.00090654,0.00021688
1.2155,-0.32526,0.38186,-1.4473,0.94911,-0.86404,8.8219e-05,0.063855,0.19393,-0.16854,-0.00063076,0.0010173
1.2155,-0.32502,0.38265,-1.448,0.94911,-0.86404,0.00012722,0.058874,0.19695,-0.1698,-0.0003551,0.0021639
1.2155,-0.32479,0.38343,-1.4487,0.94911,-0.86403,0.00011152,0.058944,0.19751,-0.17089,-0.00011592,0.0034986
1.2155,-0.32454,0.38423,-1.4494,0.94911,-0.86401,3.2233e-05,0.065812,0.19515,-0.17189,5.1518e-05,0.004804
1.2155,-0.32426,0.385,-1.4501,0.94911,-0.86399,-7.4936e-05,0.079022,0.19026,-0.17274,0.00013074,0.005863
1.2155,-0.32392,0.38575,-1.4508,0.94911,-0.86396,-0.00014275,0.095742,0.18396,-0.17324,0.00013042,0.0065131
1.2155,-0.3235,0.38647,-1.4514,0.94911,-0.86394,-0.00011268,0.11151,0.17784,-0.17308,7.9333e-05,0.0066795
1.2155,-0.32303,0.38717,-1.4521,0.94911,-0.8639,1.911e-05,0.12168,0.17341,-0.17199,1.4186e-05,0.0063812
1.2155,-0.32252,0.38786,-1.4528,0.94911,-0.86389,0.00018216,0.12303,0.17162,-0.16981,-3.3957e-05,0.0057153
1.2155,-0.32203,0.38855,-1.4535,0.94911,-0.86387,0.0002604,0.11489,0.17266,-0.16665,-4.9277e-05,0.0048273
1.2155,-0.32159,0.38924,-1.4542,0.94911,-0.86385,0.00016103,0.099398,0.17587,-0.16279,-3.3892e-05,0.0038782
1.2155,-0.32125,0.38996,-1.4548,0.94911,-0.86383,-0.00011449,0.080795,0.18003,-0.1586,-3.4189e-06,0.0030147
1.2155,-0.32097,0.39067,-1.4554,0.94911,-0.86382,-0.00044301,0.064055,0.18379,-0.15439,2.2234e-05,0.0023442
1.2155,-0.32072,0.39142,-1.456,0.94911,-0.86382,-0.00061526,0.053365,0.18599,-0.1503,2.8818e-05,0.0019182
1.2155,-0.32053,0.39218,-1.4566,0.94911,-0.8638,-0.00040987,0.050988,0.18595,-0.14632,1.4269e-05,0.0017253
1.2155,-0.32032,0.39293,-1.4572,0.94911,-0.8638,0.00034989,0.056822,0.18355,-0.14242,-1.0937e-05,0.0016984
1.2155,-0.32006,0.39364,-1.4578,0.94911,-0.8638,0.0018002,0.068727,0.17913,-0.13861,-2.983e-05,0.0017358
1.2155,-0.31978,0.39434,-1.4583,0.94911,-0.8638,0.0040923,0.083405,0.17337,-0.13504,-2.8611e-05,0.0017342
1.2155,-0.31941,0.39502,-1.4589,0.94911,-0.86378,0.0074316,0.097457,0.16705,-0.13191,-5.174e-06,0.0016225
1.2155,-0.31899,0.3957,-1.4594,0.94911,-0.86376,0.012016,0.10826,0.16089,-0.12939,2.8199e-05,0.0013858
1.2156,-0.31854,0.39633,-1.4599,0.94911,-0.86376,0.017842,0.1144,0.15547,-0.12744,5.0266e-05,0.0010681
1.2157,-0.31807,0.39692,-1.4604,0.94911,-0.86376,0.024466,0.11567,0.15109,-0.12578,4.2556e-05,0.00075271
1.2158,-0.3176,0.39753,-1.4609,0.94911,-0.86376,0.030858,0.11264,0.14783,-0.12402,1.6955e-06,0.00052611
1.2159,-0.31718,0.39811,-1.4614,0.94911,-0.86376,0.035532,0.10635,0.14558,-0.12179,-5.48e-05,0.00044158
1.2161,-0.31678,0.39869,-1.4619,0.94911,-0.86376,0.036984,0.097942,0.14405,-0.11896,-9.4152e-05,0.00049631
1.2162,-0.31639,0.39928,-1.4623,0.94911,-0.86376,0.034286,0.088613,0.14293,-0.11571,-8.4619e-05,0.0006324
1.2164,-0.31604,0.39984,-1.4628,0.94911,-0.86375,0.027596,0.079619,0.14194,-0.11247,-1.5431e-05,0.0007605
1.2165,-0.31575,0.4004,-1.4632,0.94911,-0.86375,0.018271,0.072184,0.14083,-0.10973,9.0199e-05,0.00079566
1.2165,-0.31547,0.40097,-1.4637,0.94911,-0.86375,0.0084867,0.067254,0.13944,-0.1078,0.00017787,0.00069055
1.2165,-0.31521,0.40151,-1.4641,0.94911,-0.86375,0.00048619,0.065151,0.13758,-0.10668,0.00018238,0.00045286
1.2165,-0.31496,0.40207,-1.4645,0.94911,-0.86375,-0.0042266,0.065376,0.13509,-0.10608,5.8295e-05,0.00014156
1.2165,-0.3147,0.4026,-1.4649,0.94911,-0.86375,-0.0053721,0.066742,0.13182,-0.10555,-0.00019354,-0.00015519
1.2165,-0.31442,0.40312,-1.4654,0.94911,-0.86375,-0.0038557,0.067886,0.12771,-0.10467,-0.00051741,-0.00035068
1.2165,-0.31414,0.40362,-1.4658,0.94911,-0.86375,-0.0012462,0.067936,0.12284,-0.10323,-0.00081873,-0.0003878
1.2165,-0.31388,0.4041,-1.4662,0.94911,-0.86375,0.00094941,0.066957,0.11753,-0.10129,-0.00099958,-0.00025558
1.2165,-0.3136,0.40457,-1.4666,0.94909,-0.86375,0.0018674,0.065912,0.11223,-0.099156,-0.00099842,9.6066e-06
1.2165,-0.31334,0.405,-1.467,0.94909,-0.86375,0.0014815,0.066088,0.10744,-0.097215,-0.00081596,0.00033694
1.2165,-0.31309,0.40542,-1.4674,0.94909,-0.86375,0.00038745,0.068286,0.10351,-0.095785,-0.00051486,0.00064301
1.2165,-0.31282,0.40582,-1.4677,0.94909,-0.86375,-0.0006436,0.072214,0.10059,-0.094982,-0.00019334,0.00085566
1.2165,-0.3125,0.40623,-1.4681,0.94909,-0.86375,-0.0010835,0.076427,0.098523,-0.094642,5.4961e-05,0.0009329
1.2165,-0.31219,0.40661,-1.4685,0.94909,-0.86373,-0.00084236,0.078884,0.097026,-0.094355,0.00017635,0.00087161
1.2165,-0.31187,0.40699,-1.4689,0.94909,-0.86373,-0.00019907,0.077828,0.095811,-0.093584,0.0001723,0.0007039
1.2165,-0.31156,0.40739,-1.4692,0.94909,-0.86373,0.00043155,0.072562,0.094749,-0.091858,8.9386e-05,0.00048286
1.2165,-0.3113,0.40776,-1.4696,0.94909,-0.86373,0.00073612,0.063748,0.093917,-0.088965,-8.6358e-06,0.00026305
1.2165,-0.31105,0.40813,-1.47,0.94909,-0.86373,0.00062444,0.053126,0.093498,-0.08507,-7.1438e-05,8.3284e-05
1.2165,-0.31088,0.40849,-1.4703,0.94909,-0.86373,0.00020868,0.042853,0.093597,-0.080689,-8.0768e-05,-4.1636e-05
1.2165,-0.31072,0.40888,-1.4706,0.94909,-0.86373,-0.00030547,0.034787,0.094051,-0.076514,-5.0056e-05,-0.00011743
1.2165,-0.31058,0.40926,-1.4709,0.94909,-0.86373,-0.00073285,0.030037,0.094376,-0.073153,-8.5621e-06,-0.00015785
1.2165,-0.31048,0.40965,-1.4712,0.94909,-0.86373,-0.00097126,0.028871,0.093888,-0.070909,1.8895e-05,-0.00017021
1.2165,-0.31035,0.41,-1.4715,0.94909,-0.86373,-0.001004,0.030911,0.09197,-0.069716,2.4761e-05,-0.00014743
1.2164,-0.31023,0.41036,-1.4717,0.94909,-0.86373,-0.00086951,0.035408,0.088371,-0.069252,1.8199e-05,-7.1254e-05
1.2164,-0.31008,0.41071,-1.472,0.94909,-0.86373,-0.00062956,0.041448,0.083373,-0.069161,1.3761e-05,7.4241e-05
1.2164,-0.3099,0.41104,-1.4723,0.94909,-0.86373,-0.00035168,0.048035,0.077736,-0.069248,1.8199e-05,0.00028625
1.2164,-0.30969,0.41134,-1.4726,0.94909,-0.86373,-0.00010045,0.054123,0.072426,-0.069511,2.4763e-05,0.00053342
1.2164,-0.30946,0.41162,-1.4729,0.94909,-0.86373,7.2104e-05,0.058672,0.068265,-0.070007,1.8899e-05,0.00075957
1.2164,-0.30922,0.41188,-1.4731,0.94909,-0.86373,0.00014,0.060798,0.065658,-0.070645,-8.5614e-06,0.00090119
1.2164,-0.30898,0.41212,-1.4734,0.94909,-0.86371,0.0001131,0.059954,0.06454,-0.071085,-5.0065e-05,0.00091178
1.2164,-0.30875,0.41239,-1.4737,0.94909,-0.86371,3.3229e-05,0.056075,0.064543,-0.070834,-8.0782e-05,0.00078187
1.2164,-0.30852,0.41265,-1.474,0.94909,-0.86371,-4.536e-05,0.049619,0.065246,-0.069536,-7.1446e-05,0.00054521
1.2164,-0.30835,0.41293,-1.4743,0.94909,-0.86371,-8.1753e-05,0.041482,0.066363,-0.067257,-8.6252e-06,0.00026757
1.2164,-0.30819,0.41319,-1.4745,0.94909,-0.86371,-6.5757e-05,0.032866,0.067754,-0.064579,8.9422e-05,2.2807e-05
1.2164,-0.30809,0.41347,-1.4748,0.94909,-0.86371,-1.7352e-05,0.025124,0.069271,-0.062388,0.00017235,-0.00013349
1.2164,-0.308,0.41373,-1.475,0.94909,-0.86371,2.9916e-05,0.019601,0.070605,-0.061437,0.00017637,-0.00018162
1.2164,-0.30793,0.41401,-1.4753,0.94909,-0.86371,5.0163e-05,0.017419,0.07126,-0.061926,5.4904e-05,-0.00013995
1.2164,-0.30786,0.41429,-1.4755,0.94909,-0.86371,3.8136e-05,0.019178,0.07075,-0.063357,-0.00019346,-5.2351e-05
1.2164,-0.30777,0.41459,-1.4758,0.94909,-0.86371,7.8823e-06,0.024619,0.068904,-0.06478,-0.00051498,3.2534e-05
1.2164,-0.30765,0.41486,-1.476,0.94909,-0.86371,-1.943e-05,0.032427,0.066092,-0.065302,-0.00081597,8.0329e-05
1.2164,-0.30751,0.41513,-1.4763,0.94909,-0.86371,-2.9227e-05,0.040354,0.063193,-0.064573,-0.00099822,8.0832e-05
1.2164,-0.30734,0.41537,-1.4766,0.94908,-0.86371,-2.0371e-05,0.045764,0.061264,-0.062951,-0.00099921,4.62e-05
1.2164,-0.30716,0.4156,-1.4768,0.94908,-0.86371,-2.613e-06,0.046481,0.061075,-0.06124,-0.00081842,3.8864e-07
1.2164,-0.30699,0.41584,-1.477,0.94908,-0.86371,1.1691e-05,0.041599,0.06275,-0.060137,-0.00051748,-3.3933e-05
1.2164,-0.30681,0.41609,-1.4773,0.94908,-0.86371,1.5352e-05,0.031889,0.065712,-0.059748,-0.00019418,-4.4832e-05
1.2164,-0.30667,0.41637,-1.4775,0.94908,-0.86371,9.1279e-06,0.01957,0.06898,-0.059457,5.7284e-05,-3.3633e-05
1.2164,-0.30664,0.41666,-1.4778,0.94908,-0.86371,-8.3952e-07,0.0075256,0.071621,-0.058258,0.00018163,-1.0999e-05
1.2164,-0.30667,0.41696,-1.478,0.94908,-0.86371,-8.0267e-06,-0.0016764,0.073116,-0.055366,0.00017819,1.0167e-05
1.2164,-0.30671,0.41726,-1.4782,0.94908,-0.86371,-9.3481e-06,-0.0065428,0.073458,-0.050739,9.2043e-05,2.1019e-05
1.2164,-0.30671,0.41754,-1.4784,0.94908,-0.86371,-5.8858e-06,-0.0069032,0.072965,-0.045184,-1.249e-05,1.9634e-05
1.2164,-0.30671,0.41781,-1.4786,0.94908,-0.86371,-9.9932e-07,-0.003661,0.071985,-0.03996,-8.1954e-05,1e-05
1.2164,-0.30671,0.41809,-1.4787,0.94908,-0.86371,2.2891e-06,0.0017117,0.070705,-0.036095,-9.3465e-05,-1.3907e-06
1.2164,-0.30671,0.41837,-1.4789,0.94908,-0.86371,2.8793e-06,0.007649,0.069176,-0.033792,-5.6987e-05,-9.1506e-06
1.2164,-0.30669,0.41867,-1.479,0.94908,-0.86371,1.5479e-06,0.012775,0.067499,-0.032283,-2.453e-06,-1.1078e-05
1.2164,-0.30662,0.41895,-1.4791,0.94908,-0.86371,-1.627e-07,0.016032,0.065997,-0.030217,3.9273e-05,-8.1883e-06
1.2164,-0.30655,0.41921,-1.4792,0.94908,-0.86371,-1.1047e-06,0.016771,0.065217,-0.026388,5.1345e-05,-3.2678e-06
1.2164,-0.30648,0.41945,-1.4793,0.94908,-0.86371,-1.0323e-06,0.01489,0.065718,-0.020408,3.5575e-05,9.3683e-07
1.2164,-0.30641,0.4197,-1.4794,0.94908,-0.86371,-3.9262e-07,0.010933,0.067772,-0.012978,6.8763e-06,2.937e-06
1.2164,-0.30638,0.41998,-1.4794,0.94908,-0.86371,2.1241e-07,0.0060266,0.071176,-0.0056211,-1.7379e-05,2.7442e-06
1.2164,-0.30638,0.42028,-1.4794,0.94908,-0.86371,4.4477e-07,0.0015527,0.075276,-4.2332e-05,-2.6573e-05,1.3368e-06
1.2164,-0.30639,0.42061,-1.4794,0.94908,-0.86371,3.2475e-07,-0.0013527,0.079225,0.0025591,-2.0356e-05,-1.3777e-07
1.2164,-0.30639,0.42094,-1.4794,0.94908,-0.86371,7.1713e-08,-0.0022365,0.082297,0.0018975,-6.0923e-06,-9.5621e-07
1.2164,-0.30639,0.42127,-1.4794,0.94908,-0.86371,-1.1019e-07,-0.0014601,0.084102,-0.0014194,6.9147e-06,-9.9451e-07
1.2164,-0.30639,0.4216,-1.4794,0.94908,-0.86371,-1.4761e-07,5.9328e-05,0.084603,-0.0062578,1.2636e-05,-5.5182e-07
1.2164,-0.30639,0.42192,-1.4795,0.94908,-0.86371,-8.487e-08,0.0013531,0.083983,-0.011439,1.0432e-05,-3.6803e-08
1.2164,-0.30639,0.42225,-1.4795,0.94908,-0.86371,-4.7957e-09,0.0018611,0.08247,-0.016098,3.8139e-06,2.7575e-07
1.2164,-0.30638,0.4226,-1.4796,0.94908,-0.86371,3.8553e-08,0.001599,0.080254,-0.019794,-2.5719e-06,3.2401e-07
1.2164,-0.30638,0.42293,-1.4797,0.94908,-0.86371,3.8742e-08,0.0009748,0.077499,-0.022414,-5.6542e-06,2.0076e-07
1.2164,-0.30638,0.42322,-1.4798,0.94908,-0.86371,1.7703e-08,0.00041178,0.074407,-0.023997,-5.0144e-06,4.1557e-08
1.2164,-0.30638,0.42352,-1.4799,0.94908,-0.86371,-1.5973e-09,3.7641e-05,0.071248,-0.024606,-2.2499e-06,-6.1371e-08
1.2164,-0.30638,0.42378,-1.48,0.94908,-0.86371,-9.4088e-09,-0.00037232,0.0683,-0.024314,5.1278e-07,-8.586e-08
1.2164,-0.30638,0.42405,-1.4801,0.94908,-0.86371,-7.9754e-09,-0.0011898,0.065744,-0.023253,1.8974e-06,-5.8736e-08
1.2164,-0.30638,0.42431,-1.4801,0.94908,-0.86371,-3.6528e-09,-0.0026253,0.063595,-0.021655,1.7339e-06,-1.9059e-08
1.2164,-0.30639,0.42457,-1.4802,0.94908,-0.86371,-7.7873e-10,-0.0045251,0.061713,-0.019824,7.1731e-07,7.7192e-09
1.2164,-0.30643,0.42481,-1.4803,0.94908,-0.86371,0,-0.0063989,0.059909,-0.018045,-2.757e-07,1.5917e-08
1.2164,-0.30644,0.42506,-1.4804,0.94908,-0.86371,0,-0.0076489,0.058063,-0.016485,-7.2271e-07,1.2235e-08
1.2164,-0.30648,0.42528,-1.4804,0.94908,-0.86371,0,-0.0078585,0.056199,-0.01514,-6.0193e-07,5.6035e-09
1.2164,-0.30651,0.42549,-1.4805,0.94908,-0.86371,0,-0.0069783,0.05447,-0.013867,-2.0942e-07,1.263e-09
1.2164,-0.30653,0.4257,-1.4805,0.94908,-0.86371,0,-0.0053236,0.053076,-0.012477,1.296e-07,2.4901e-24
1.2164,-0.30655,0.42591,-1.4806,0.94908,-0.86371,0,-0.0034092,0.052164,-0.010844,2.5305e-07,1.2273e-39
1.2164,-0.30657,0.42612,-1.4806,0.94908,-0.86371,0,-0.0017257,0.051748,-0.0089579,1.8609e-07,0
1.2164,-0.30657,0.42635,-1.4807,0.94908,-0.86371,0,-0.00056985,0.051653,-0.0069331,4.9099e-08,0
1.2164,-0.30657,0.42656,-1.4807,0.94908,-0.86371,0,9.1884e-06,0.051499,-0.0049509,-5.0986e-08,0
1.2164,-0.30657,0.42675,-1.4807,0.94908,-0.86371,0,0.00015175,0.05072,-0.0031936,-7.5847e-08,0
1.2164,-0.30657,0.42696,-1.4807,0.94908,-0.86371,0,7.3929e-05,0.048647,-0.0017906,-4.7289e-08,0
1.2164,-0.30657,0.42712,-1.4807,0.94908,-0.86371,0,-3.855e-05,0.044698,-0.00079537,-7.2256e-09,0
1.2164,-0.30657,0.42729,-1.4807,0.94908,-0.86371,0,-8.7121e-05,0.038614,-0.00018999,1.6103e-08,0
1.2164,-0.30657,0.42745,-1.4807,0.94908,-0.86371,0,-6.0904e-05,0.030682,9.457e-05,1.8047e-08,0
1.2164,-0.30657,0.42757,-1.4807,0.94908,-0.86371,0,-4.383e-07,0.021789,0.00015397,8.6259e-09,0
1.2164,-0.30657,0.42764,-1.4807,0.94908,-0.86371,0,4.6585e-05,0.013245,8.8492e-05,-6.5751e-10,0
1.2164,-0.30657,0.42766,-1.4807,0.94908,-0.86371,0,5.5141e-05,0.0063855,-1.4618e-05,-4.0945e-09,0
1.2164,-0.30657,0.42766,-1.4807,0.94908,-0.86371,0,2.978e-05,0.0021158,-9.3946e-05,-2.0463e-09,0
1.2164,-0.30657,0.42766,-1.4807,0.94908,-0.86371,0,-6.6833e-06,0.00059376,-0.00012044,0,0
1.2164,-0.30657,0.42768,-1.4807,0.94908,-0.86371,0,-3.1017e-05,0.0012095,-9.616e-05,0,0
1.2164,-0.30657,0.42769,-1.4807,0.94908,-0.86371,0,-3.27e-05,0.0028726,-4.527e-05,0,0
1.2164,-0.30657,0.42769,-1.4807,0.94908,-0.86371,0,-1.6613e-05,0.0044663,1.0903e-07,0,0
1.2164,-0.30657,0.42773,-1.4807,0.94908,-0.86371,0,3.475e-06,0.0052525,1.4752e-05,0,0
1.2164,-0.30657,0.42775,-1.4807,0.94908,-0.86371,0,1.4804e-05,0.0050496,-8.9247e-06,0,0
1.2164,-0.30657,0.42775,-1.4807,0.94908,-0.86371,0,1.2629e-05,0.0041368,-5.7736e-05,0,0
1.2164,-0.30657,0.42776,-1.4807,0.94908,-0.86371,0,1.0714e-06,0.0029817,-0.00010357,0,0
1.2164,-0.30657,0.42778,-1.4807,0.94908,-0.86371,0,-1.1278e-05,0.0019588,-0.00011666,0,0
1.2164,-0.30657,0.42778,-1.4807,0.94908,-0.86371,0,-1.7295e-05,0.0012031,-8.1654e-05,0,0
1.2164,-0.30657,0.4278,-1.4807,0.94908,-0.86371,0,-1.5016e-05,0.00063804,-9.0457e-06,0,0
1.2164,-0.30657,0.4278,-1.4807,0.94908,-0.86371,8.566e-09,-7.4946e-06,0.00011826,6.513e-05,-2.0463e-09,1.1046e-38
1.2164,-0.30657,0.42778,-1.4807,0.94908,-0.86371,7.5224e-08,1.9704e-07,-0.00042742,9.4726e-05,-1.4326e-08,2.2411e-23
1.2164,-0.30657,0.42778,-1.4807,0.94908,-0.86371,3.1051e-07,4.4173e-06,-0.00094042,4.9345e-05,-3.3408e-08,1.1367e-08
1.2164,-0.30657,0.42778,-1.4807,0.94908,-0.86371,8.0021e-07,4.5875e-06,-0.0012816,-6.1734e-05,-2.7414e-08,8.9586e-08
1.2164,-0.30657,0.42778,-1.4807,0.94908,-0.86371,1.3924e-06,2.3948e-06,-0.0013351,-0.00018257,3.8807e-08,3.4697e-07
1.2164,-0.30657,0.42776,-1.4807,0.94908,-0.86371,1.5247e-06,-2.495e-07,-0.0010909,-0.00022933,1.5341e-07,8.7596e-07
1.2164,-0.30657,0.42776,-1.4807,0.94908,-0.86371,4.0321e-07,-2.5472e-06,-0.0006585,-0.00013006,2.2156e-07,1.5754e-06
1.2164,-0.30657,0.42776,-1.4807,0.94908,-0.86371,-2.273e-06,-4.2751e-06,-0.00020874,0.00013284,1.0286e-07,1.9688e-06
1.2164,-0.30657,0.42776,-1.4807,0.94908,-0.86371,-5.3479e-06,-4.2869e-06,0.00011106,0.00050129,-2.7297e-07,1.2376e-06
1.2164,-0.30657,0.42776,-1.4807,0.94908,-0.86371,-5.9557e-06,-4.4925e-07,0.00023912,0.00085688,-7.5211e-07,-1.2979e-06
1.2164,-0.30657,0.42776,-1.4807,0.94908,-0.86371,-1.0367e-06,7.7013e-06,0.00020759,0.0010695,-9.1074e-07,-5.3104e-06
1.2164,-0.30657,0.42776,-1.4807,0.94908,-0.86371,9.4306e-06,1.5442e-05,0.00010237,0.0010569,-2.8226e-07,-8.7212e-06
1.2164,-0.30657,0.42776,-1.4807,0.94908,-0.86371,1.961e-05,1.3167e-05,5.4488e-06,0.00082425,1.1933e-06,-7.9526e-06
1.2164,-0.30657,0.42776,-1.4807,0.94908,-0.86371,1.8937e-05,-6.0656e-06,-4.4837e-05,0.00046314,2.7758e-06,1.492e-07
1.2164,-0.30657,0.42776,-1.4807,0.94908,-0.86371,-7.2406e-07,-3.5243e-05,-5.6291e-05,0.00010854,3.0149e-06,1.5091e-05
1.2164,-0.30657,0.42776,-1.4807,0.94908,-0.86371,-3.4727e-05,-4.9545e-05,-5.4317e-05,-0.00012308,6.1464e-07,3.0113e-05
1.2164,-0.30657,0.42776,-1.4807,0.94908,-0.86371,-6.0579e-05,-2.0907e-05,-4.8182e-05,-0.0001836,-4.1894e-06,3.3005e-05
1.2164,-0.30657,0.42776,-1.4807,0.94908,-0.86371,-4.7347e-05,5.2104e-05,-2.0362e-05,-0.00010699,-8.7247e-06,1.226e-05
1.2164,-0.30657,0.42776,-1.4807,0.94908,-0.86371,1.9655e-05,0.00012261,5.0117e-05,1.7198e-05,-8.6597e-06,-3.2849e-05
1.2164,-0.30657,0.42776,-1.4807,0.94908,-0.86371,0.00011308,0.00011264,0.00014768,9.4591e-05,-8.5346e-07,-8.3964e-05
1.2164,-0.30657,0.42776,-1.4807,0.94908,-0.86371,0.00016155,-2.3027e-05,0.00020163,7.5136e-05,1.3023e-05,-0.00010523
1.2164,-0.30657,0.42776,-1.4807,0.94908,-0.86371,8.9321e-05,-0.00022533,0.00012157,-2.2387e-05,2.4809e-05,-6.003e-05
1.2164,-0.30657,0.42776,-1.4807,0.94908,-0.86371,-0.00011338,-0.00032416,-0.00011828,-0.00012115,2.2755e-05,6.0527e-05
1.2164,-0.30657,0.42776,-1.4807,0.94908,-0.86371,-0.00033599,-0.00014492,-0.00040128,-0.00012874,-7.6504e-07,0.00021205
1.2164,-0.30657,0.42776,-1.4807,0.94908,-0.86371,-0.00036904,0.00031238,-0.00047703,4.9311e-06,-4.0492e-05,0.00029502
1.2164,-0.30657,0.42776,-1.4807,0.94908,-0.86371,-2.6563e-05,0.00076101,-0.00010004,0.00023974,-7.5105e-05,0.00019171
1.2164,-0.30657,0.42776,-1.4807,0.94908,-0.86371,0.00068113,0.00073398,0.00075204,0.00043636,-7.5198e-05,-0.00016352
1.2164,-0.30657,0.42776,-1.4807,0.94908,-0.86371,0.0014458,-7.1951e-05,0.0017291,0.00040686,-2.1813e-05,-0.00071171
1.2164,-0.30657,0.42776,-1.4807,0.94908,-0.86371,0.0017526,-0.0014164,0.0021917,1.9598e-05,7.3727e-05,-0.0012432
1.2164,-0.30657,0.42776,-1.4807,0.94908,-0.86371,0.0011839,-0.002438,0.0015745,-0.00068524,0.00016332,-0.0014573
1.2164,-0.30657,0.42776,-1.4807,0.94908,-0.86371,-0.00021317,-0.0021029,-0.00013714,-0.0014435,0.00018008,-0.0011073
1.2164,-0.30657,0.42776,-1.4807,0.94908,-0.86371,-0.0017608,-2.3609e-05,-0.0021494,-0.0018446,7.8393e-05,-0.00017543
1.2164,-0.30657,0.42776,-1.4807,0.94908,-0.86371,-0.0024044,0.0029111,-0.0031237,-0.0015433,-0.00012389,0.0010225
1.2164,-0.30657,0.42776,-1.4807,0.94908,-0.86371,-0.0013598,0.0047287,-0.0019722,-0.00051295,-0.0003308,0.0018944
1.2164,-0.30657,0.42776,-1.4807,0.94908,-0.86371,0.0011917,0.0035681,0.0012216,0.00082215,-0.00040303,0.0018203
1.2164,-0.30657,0.42776,-1.4807,0.94908,-0.86371,0.0038776,-0.0007398,0.0048181,0.0017176,-0.00023692,0.00050935
1.2164,-0.30657,0.42776,-1.4807,0.94908,-0.86371,0.0047236,-0.0058908,0.0062717,0.0015081,0.00015048,-0.0017091
1.2164,-0.30657,0.42776,-1.4807,0.94908,-0.86371,0.0024087,-0.0080786,0.0037009,8.663e-05,0.00058686,-0.0038589
1.2164,-0.30657,0.42776,-1.4807,0.94908,-0.86371,-0.0025188,-0.0045524,-0.0024729,-0.0018499,0.00080263,-0.0046597
1.2164,-0.30657,0.42776,-1.4807,0.94908,-0.86371,-0.0073848,0.0037812,-0.0090196,-0.0030419,0.00057497,-0.0031631
1.2164,-0.30657,0.42776,-1.4807,0.94908,-0.86371,-0.0086107,0.011824,-0.011293,-0.0023821,-0.00010795,0.00058754
1.2164,-0.30657,0.42776,-1.4807,0.94908,-0.86371,-0.0040208,0.012967,-0.0061467,0.00024835,-0.00096422,0.0052406
1.2164,-0.30657,0.42776,-1.4807,0.94908,-0.86371,0.00507,0.0039297,0.0052316,0.0035766,-0.0014974,0.0084499
1.2164,-0.30657,0.42776,-1.4807,0.94908,-0.86371,0.013563,-0.011398,0.016642,0.0053856,-0.0012406,0.0078457
1.2164,-0.30657,0.42776,-1.4807,0.94908,-0.86371,0.014893,-0.022503,0.019564,0.0037747,-6.5656e-05,0.0023537
1.2164,-0.30657,0.42776,-1.4807,0.94908,-0.86371,0.0052494,-0.018353,0.0084917,-0.0013634,0.00161,-0.006705
1.2164,-0.30657,0.42776,-1.4807,0.94908,-0.86371,-0.012483,0.0036407,-0.013798,-0.0075512,0.0028706,-0.015325
1.2164,-0.30657,0.42776,-1.4807,0.94908,-0.86371,-0.027678,0.031448,-0.034471,-0.010312,0.0026452,-0.01767
