6.5444,4.7055,11.526,-1.0265,-2.9956,3.6198
6.4457,4.4631,11.371,-1.1009,-2.9941,3.5604
6.638,3.9837,11.905,-1.359,-2.9591,3.6051
6.8393,3.7809,11.459,-1.4529,-3.0366,3.6
7.0976,3.9634,11.479,-1.5745,-3.0711,3.6386
7.918,4.4541,10.549,-1.8636,-3.1514,3.6636
8.1615,4.6927,10.815,-2.0664,-3.135,3.6345
8.1133,4.5249,11.42,-2.2715,-3.0868,3.6825
7.8227,4.5907,11.618,-2.4035,-3.0053,3.6858
7.6685,4.4862,12.404,-2.4924,-2.9637,3.6851
7.4235,4.6765,12.173,-2.649,-3.0159,3.6554
7.4568,4.6393,11.347,-2.8825,-3.1135,3.6972
7.5734,4.2536,11.8,-3.0687,-3.0877,3.696
7.5657,4.5218,11.833,-3.2913,-3.0669,3.6927
7.2128,4.1663,12.051,-3.3636,-3.0314,3.7198
6.9673,4.0135,12.246,-3.4181,-2.9679,3.7134
6.7504,4.5586,11.842,-3.4866,-2.9985,3.7788
6.4102,4.507,12.557,-3.4757,-2.9735,3.7798
6.336,4.3629,12.57,-3.4093,-2.9661,3.7626
6.3505,4.6274,12.653,-3.3108,-3.0027,3.733
6.5066,5.0827,11.478,-3.0139,-3.0961,3.686
6.6328,5.2618,10.981,-2.8395,-3.1139,3.7318
6.7049,5.1972,11.259,-2.7038,-3.0751,3.7251
6.8567,5.4006,12.027,-2.477,-3.048,3.7856
7.2366,5.3226,12.192,-2.262,-3.0425,3.7934
7.5306,4.8715,12.832,-2.0621,-3.0622,3.7932
7.9521,4.999,12.577,-1.8731,-3.1291,3.7863
8.1156,5.5644,11.789,-1.5793,-3.1763,3.7993
8.073,6.1636,11.478,-1.3827,-3.2434,3.7477
7.8051,6.1865,11.087,-1.2738,-3.1433,3.7923
7.6635,5.8947,11.712,-1.2177,-3.1119,3.7857
7.5286,6.1786,11.53,-1.1764,-3.1975,3.7885
7.5095,5.7053,11.112,-1.1385,-3.1513,3.7861
7.5684,4.9439,12.059,-1.1933,-3.0921,3.8126
7.4086,4.368,12.604,-1.312,-3.0354,3.8509
7.3027,4.1242,12.753,-1.3783,-2.9989,3.8694
7.1618,3.986,12.469,-1.2968,-3.0278,3.8356
6.9745,4.3267,12.308,-1.3914,-3.0976,3.8699
6.7474,4.87,11.458,-1.3783,-3.1474,3.8521
6.3684,5.2526,11.337,-1.3347,-3.1249,3.8375
6.1387,5.2474,11.487,-1.2056,-3.133,3.8475
6.4301,5.3396,11.165,-1.2138,-3.1949,3.8643
7.0986,5.1667,11.068,-1.3461,-3.2389,3.8811
7.946,4.7183,11.369,-1.3611,-3.2407,3.8733
7.9843,4.1255,11.935,-1.3254,-3.2049,3.9043
8.1169,3.7867,12.796,-1.3922,-3.1381,3.9012
7.8762,3.74,12.463,-1.4395,-3.0926,3.9215
7.7019,3.9448,12.146,-1.4627,-3.0933,3.9092
7.664,4.4112,11.829,-1.5656,-3.2121,3.855
7.6958,4.8933,11.676,-1.5511,-3.2495,3.8909
7.7826,5.0401,11.457,-1.8012,-3.2717,3.8889
8.1322,5.1015,11.226,-2.0136,-3.3065,3.9083
8.2946,5.3601,11.072,-2.2262,-3.3556,3.9402
7.6326,4.6712,12.359,-2.3379,-3.2239,3.9663
7.3722,4.2963,12.709,-2.5004,-3.0782,3.9622
7.0964,4.3177,12.94,-2.8972,-3.0222,3.9362
6.9659,4.2901,12.989,-3.0149,-3.088,3.9229
7.061,4.7207,12.267,-3.1525,-3.1729,3.912
6.7908,5.1804,12.066,-3.2595,-3.2451,3.9229
6.9485,5.6814,11.387,-3.3647,-3.2877,3.9617
7.273,5.6601,11.907,-3.56,-3.292,3.9712
8.001,5.8626,11.523,-3.5621,-3.2896,3.9756
7.8862,5.6466,11.788,-3.4531,-3.2711,3.9588
7.6508,5.5407,13.001,-3.2232,-3.2064,3.9852
7.5374,5.2126,13.078,-3.1061,-3.1737,3.933
7.2653,5.083,13.358,-2.9037,-3.1948,3.9151
7.3509,5.2877,12.428,-2.5291,-3.2836,3.9165
7.8775,5.4469,11.818,-2.2185,-3.3648,3.9254
8.0388,5.2236,11.882,-1.9672,-3.3682,3.9587
7.9423,5.3157,11.822,-1.8384,-3.3348,3.9397
7.3602,4.8746,12.817,-1.7722,-3.2412,3.9681
7.2094,4.6695,12.588,-1.6567,-3.1865,4.0097
7.1073,4.461,12.71,-1.3818,-3.1897,3.9591
7.3396,4.3762,13.339,-1.4638,-3.1877,3.9386
7.2941,4.33,12.729,-1.2875,-3.1838,3.9489
7.1027,4.4411,12.469,-1.2987,-3.2439,3.9186
7.2389,4.4432,12.677,-1.4265,-3.3011,3.9425
7.6439,5.0221,11.795,-1.5176,-3.3715,3.9705
7.5683,4.9121,12.58,-1.6268,-3.3104,4.0137
7.7022,4.7349,12.722,-1.6904,-3.2594,4.0101
8.0935,4.5639,13.39,-1.6236,-3.2088,4.0024
8.1293,5.4552,12.463,-1.6425,-3.2985,4.0363
7.7276,5.5277,12.343,-1.4705,-3.3402,3.9874
7.6903,5.9082,11.697,-1.4303,-3.4073,4.0048
7.9107,5.6845,12.039,-1.4317,-3.3824,3.9514
7.8755,5.1816,12.169,-1.4285,-3.4011,3.9563
7.6999,4.7935,11.786,-1.4163,-3.3945,4.0208
7.4617,4.1868,12.587,-1.2104,-3.3242,3.9918
7.3456,3.6607,13.016,-1.3234,-3.2012,3.9936
7.1987,3.4113,13.752,-1.5357,-3.1757,4.0391
7.1049,4.0112,13.458,-1.7671,-3.1869,3.9731
7.3248,4.8505,12.251,-1.8166,-3.2746,3.9737
7.2718,5.2261,12.348,-1.9849,-3.3121,3.9213
7.3183,5.7146,11.731,-2.1177,-3.3738,3.9642
7.5137,5.6745,12.121,-2.3819,-3.3474,3.9525
7.9252,5.6188,12.438,-2.4879,-3.3508,4.0293
8.2318,5.5833,12.069,-2.811,-3.3237,4.0354
8.0176,5.3999,12.79,-3.0501,-3.2574,3.9921
7.9545,5.1268,12.8,-3.1997,-3.2519,4.0183
8.2295,5.2032,13.19,-3.3038,-3.2875,3.9582
8.2187,5.8444,12.182,-3.3854,-3.3382,4.0016
8.215,5.1381,12.374,-3.3669,-3.3731,4.0041
8.089,5.3306,12.136,-3.3725,-3.4079,3.9645
7.5103,5.1041,12.735,-3.4005,-3.3376,4.0282
7.2615,4.0965,13.206,-3.2727,-3.2951,4.0771
7.4389,4.1003,12.639,-3.025,-3.3264,4.0351
7.2431,4.1838,12.951,-2.7829,-3.2959,4.065
6.9286,4.1672,13.016,-2.4822,-3.2978,4.0077
6.1951,4.4334,12.195,-2.2121,-3.2812,4.0066
6.4464,5.1466,11.89,-2.0007,-3.3376,3.9627
6.7837,5.7172,11.149,-1.7108,-3.4318,4.0357
7.3903,5.3475,11.79,-1.6212,-3.4633,4.0224
7.7738,4.8566,11.937,-1.5093,-3.3262,4.0686
8.3395,4.6734,12.773,-1.5264,-3.2674,4.0284
8.3313,4.5565,12.627,-1.3537,-3.3044,4.06
8.353,4.7686,12.649,-1.3856,-3.2727,4.0376
8.0181,5.151,12.331,-1.5132,-3.3048,3.993
8.4542,4.8559,11.874,-1.5107,-3.3573,4.0353
8.4968,4.8174,11.999,-1.5493,-3.3749,3.9749
8.4628,5.2536,11.775,-1.5686,-3.4285,4.0253
8.2241,4.7229,12.221,-1.554,-3.4355,4.0206
7.9255,4.5025,12.814,-1.5254,-3.3071,4.0776
7.3886,4.1614,13.469,-1.3943,-3.2536,4.0783
7.171,4.5233,12.964,-1.3888,-3.2837,4.0113
6.7177,5.2054,12.728,-1.3013,-3.3326,4.0194
6.801,5.9806,11.927,-1.3284,-3.4364,3.9606
6.954,6.2707,11.762,-1.3547,-3.4544,4.0077
7.1893,5.9485,11.689,-1.4531,-3.3892,3.9993
7.4769,5.3447,11.959,-1.6079,-3.3475,4.042
7.7744,5.0154,12.615,-1.6107,-3.3493,4.0198
7.8303,4.4504,12.979,-1.7562,-3.2197,3.9949
7.8239,3.9893,13.933,-1.8647,-3.1347,4.0279
7.9447,4.2859,13.931,-1.9276,-3.2081,3.9789
8.1959,4.6466,13.19,-2.0544,-3.3374,3.9929
8.242,5.4766,12.186,-2.3321,-3.4387,3.9798
8.1233,5.5902,12.144,-2.4333,-3.4478,3.9441
7.9101,5.699,12.319,-2.7417,-3.364,3.9888
7.6867,4.865,13.119,-2.9702,-3.2661,3.9848
7.4272,5.0529,12.841,-3.1096,-3.3351,4.0538
7.1636,4.8153,12.723,-3.1914,-3.3206,4.0392
7.0283,4.0772,13.386,-3.2522,-3.2359,3.945
6.8389,4.1234,13.242,-3.3161,-3.3111,3.9687
6.8238,4.9537,12.528,-3.3005,-3.4475,3.9729
7.11,5.2176,11.78,-3.2192,-3.4843,3.9949
7.3242,5.0487,12.299,-3.0934,-3.4431,3.9995
7.5495,4.8545,12.224,-3.0446,-3.3081,4.0106
7.6726,4.8674,12.349,-2.8723,-3.2754,3.9841
7.8448,5.2633,12.255,-2.4968,-3.3743,3.9853
7.967,5.2249,12.364,-2.2525,-3.3654,3.946
8.1643,5.1923,12.788,-2.0584,-3.3334,3.9736
8.3132,5.1636,12.204,-1.7781,-3.385,3.9686
8.4169,4.7812,12.53,-1.5895,-3.3987,4.0054
8.477,4.9508,11.819,-1.4956,-3.4042,3.9653
7.756,4.4311,12.928,-1.4211,-3.3319,3.9847
7.5862,4.3466,12.992,-1.4684,-3.2256,3.962
7.0918,4.4099,13.357,-1.3044,-3.2047,4.0103
7.2776,5.0217,12.49,-1.4397,-3.3653,4.0064
7.1191,5.5918,11.964,-1.4599,-3.4495,3.9588
6.6754,6.2642,11.899,-1.5174,-3.4476,3.9578
7.032,5.9839,12.008,-1.55,-3.3993,3.9326
6.9991,5.6498,12.106,-1.6337,-3.3482,3.9942
7.2726,5.7245,12.086,-1.5969,-3.3594,4.0241
7.5032,4.9863,13.03,-1.4402,-3.3003,4.023
7.8762,4.8358,12.787,-1.4185,-3.2812,4.0048
7.8572,4.7341,13.221,-1.4155,-3.2369,4.0268
8.2971,5.1763,12.151,-1.4243,-3.38,3.956
8.3893,5.4657,11.829,-1.4129,-3.4153,3.9434
8.4054,4.9767,12.629,-1.5688,-3.3069,3.9601
7.7698,4.4449,12.575,-1.7661,-3.214,3.9752
7.8246,3.979,12.72,-1.8871,-3.1929,4.0412
7.2212,3.8995,13.023,-1.924,-3.2277,4.0195
7.2834,3.8153,12.481,-2.0312,-3.2909,4.0009
6.9234,3.8425,12.22,-2.1932,-3.2593,4.0265
6.9942,4.6769,12.27,-2.406,-3.2705,3.9467
6.5877,5.5937,11.393,-2.5433,-3.4185,3.984
6.9097,5.9067,11.079,-2.9028,-3.4679,3.9602
6.8362,5.7198,12.054,-3.0671,-3.4501,4.0381
7.356,5.4617,11.897,-3.248,-3.3672,4.0106
7.3816,4.9257,12.516,-3.3682,-3.332,4.066
7.9437,4.6453,12.34,-3.4678,-3.3365,4.0112
8.0908,5.244,11.571,-3.462,-3.4203,3.9927
7.9874,4.6925,12.275,-3.4556,-3.313,4.0253
8.4021,4.5462,12.549,-3.4045,-3.2537,3.9622
8.0954,4.92,12.401,-3.2971,-3.3193,3.9991
8.1892,4.7967,12.122,-3.0716,-3.3099,3.948
7.6937,4.0553,13.178,-2.739,-3.2313,4.0161
7.6807,4.0163,13.39,-2.4643,-3.2081,4.0444
7.4984,4.678,12.664,-2.1485,-3.2511,3.9823
6.9682,5.1963,12.608,-1.9538,-3.3212,3.9859
7.0973,5.9623,12.061,-1.6924,-3.3899,3.9089
6.8968,6.5141,11.442,-1.5126,-3.3426,3.9287
6.5943,6.0663,12.225,-1.4903,-3.2743,3.889
6.893,6.2031,11.711,-1.3211,-3.2998,3.9101
7.4548,5.9382,12.228,-1.3497,-3.3288,3.8976
7.4459,5.0159,12.89,-1.4627,-3.3413,4.0086
7.9613,4.5982,13.145,-1.7156,-3.2703,3.9912
7.8247,4.6594,12.837,-1.6789,-3.2239,3.9649
8.2925,4.2655,13.211,-1.4902,-3.2231,3.9359
8.145,4.7871,12.282,-1.5234,-3.2892,3.8715
8.3546,4.6304,12.745,-1.4775,-3.2485,3.9193
7.9034,4.4384,12.751,-1.5057,-3.2004,3.933
7.6509,4.4317,11.963,-1.3435,-3.2319,3.9084
7.2905,4.4459,12.243,-1.3719,-3.1733,3.9771
6.8141,4.0519,12.59,-1.2229,-3.1693,3.9414
7.1578,4.1687,12.255,-1.1894,-3.1701,3.9678
6.996,3.9437,12.767,-1.2563,-3.1549,3.8784
6.8986,4.3957,12.39,-1.3074,-3.2743,3.9068
6.9628,5.0782,11.805,-1.5046,-3.3701,3.9226
6.7385,5.7222,11.381,-1.54,-3.373,3.9039
7.2022,5.9248,10.975,-1.7059,-3.3471,3.9654
7.4751,5.6381,11.446,-1.9971,-3.335,3.9109
7.7133,5.2534,11.68,-2.0951,-3.3341,3.9472
7.9594,5.2577,11.685,-2.2987,-3.3077,3.8925
7.8738,4.0585,12.823,-2.5166,-3.122,3.9106
8.4276,3.2164,13.099,-2.8482,-3.0827,3.8996
8.0828,3.1184,12.984,-2.9786,-3.1597,3.8388
8.2259,3.5922,12.419,-3.1326,-3.226,3.8844
7.4804,4.2758,12.272,-3.2416,-3.2287,3.8718
7.2727,4.6952,12.171,-3.326,-3.1812,3.9429
6.9857,5.4007,11.981,-3.3999,-3.1989,3.9519
6.7963,5.8646,11.839,-3.3778,-3.2335,3.9193
6.693,5.9813,11.992,-3.1891,-3.2704,3.8443
6.5112,5.5398,12.129,-2.9774,-3.2622,3.8495
6.3533,5.5193,11.996,-2.7868,-3.275,3.8672
6.6435,5.4527,11.765,-2.6112,-3.337,3.8541
6.998,5.4363,11.497,-2.2516,-3.335,3.9187
7.3169,5.4386,11.763,-2.012,-3.2829,3.8996
7.3546,4.8567,12.269,-1.7994,-3.1778,3.8692
7.8245,4.7482,12.381,-1.5909,-3.1771,3.8941
8.1873,4.5709,12.387,-1.4558,-3.2406,3.8949
8.3755,4.3985,12.478,-1.3733,-3.2957,3.8303
8.3261,4.1049,12.388,-1.4039,-3.2441,3.8472
7.9958,3.9112,12.29,-1.3266,-3.2027,3.8016
7.6154,4.3378,11.65,-1.2404,-3.2505,3.8642
7.2767,4.2975,11.921,-1.3405,-3.2221,3.861
6.8259,4.2151,11.692,-1.3215,-3.2044,3.8657
6.6553,4.445,12.135,-1.3543,-3.1463,3.9023
6.592,4.9178,11.986,-1.4587,-3.1775,3.823
6.4258,5.147,11.546,-1.421,-3.2781,3.7979
6.5385,5.4303,11.265,-1.3551,-3.3795,3.839
6.6227,5.6813,11.333,-1.2947,-3.3551,3.8152
6.7831,5.3572,11.428,-1.3335,-3.2752,3.8894
7.1414,4.7262,11.74,-1.3577,-3.2657,3.868
7.4712,4.9526,11.469,-1.3602,-3.2321,3.9032
7.6544,4.7717,11.718,-1.4271,-3.1891,3.8519
8.1189,4.6128,11.922,-1.5591,-3.2157,3.8611
8.0513,4.2183,12.103,-1.7225,-3.1521,3.8421
8.1597,4.4146,11.812,-1.6366,-3.2618,3.8235
7.8725,4.5646,11.669,-1.8007,-3.3111,3.8102
7.3822,4.1282,12.071,-1.9345,-3.2176,3.8008
7.0652,3.6611,12.532,-2.0929,-3.1007,3.793
7.0311,4.0083,12.508,-2.2877,-3.1326,3.8552
6.5154,4.6738,12.205,-2.4119,-3.1655,3.8205
6.5037,5.0023,11.76,-2.6617,-3.2368,3.7309
6.5696,5.21,11.668,-2.8418,-3.2406,3.7464
6.05,5.6056,11.942,-2.9447,-3.1739,3.7384
6.1166,6.2731,10.957,-3.1094,-3.2063,3.7595
6.5197,6.3935,10.822,-3.3248,-3.278,3.7962
7.2077,5.3883,11.806,-3.288,-3.1806,3.828
7.2186,5.0028,11.82,-3.3376,-3.1194,3.8065
7.6218,3.9773,12.577,-3.2162,-3.0729,3.792
7.6387,3.7859,12.143,-2.9618,-3.1025,3.7708
7.9521,3.9919,11.713,-2.8131,-3.0966,3.7662
8.2063,3.7519,11.873,-2.5781,-3.1073,3.7522
7.8182,3.2663,12.037,-2.2497,-3.0526,3.7386
7.5879,3.3698,12.19,-1.9589,-3.1183,3.7272
6.9514,3.9184,11.509,-1.8029,-3.2079,3.7866
6.9216,3.4832,12,-1.629,-3.1805,3.7617
6.4611,3.7378,11.907,-1.4261,-3.1111,3.7493
6.5949,4.6563,11.322,-1.384,-3.1194,3.7646
6.257,4.7637,11.528,-1.3607,-3.1385,3.6942
6.4337,5.5528,10.466,-1.341,-3.2423,3.6558
6.2115,6.0889,10.122,-1.2999,-3.2841,3.6592
5.9859,5.7387,10.737,-1.3288,-3.2028,3.6881
6.3334,5.7945,10.379,-1.3433,-3.1438,3.7628
6.9257,4.6474,11.186,-1.3071,-3.1414,3.7287
7.3912,4.3882,11.04,-1.2622,-3.1672,3.7172
7.381,3.1536,12.244,-1.3767,-3.0239,3.6883
7.7717,2.7519,12.612,-1.1867,-2.9631,3.688
7.9325,2.9791,12.105,-1.274,-3.0164,3.7128
7.5862,2.9445,12.124,-1.0812,-3.0414,3.6583
7.6371,4.1153,11.486,-1.1829,-3.0935,3.6759
6.9608,4.9059,10.777,-1.1896,-3.1491,3.6499
6.8128,5.2492,10.679,-1.1516,-3.0917,3.7027
6.1696,5.2984,10.929,-1.1909,-3.0991,3.6864
6.3254,5.6605,10.784,-1.3079,-3.15,3.6816
6.4328,5.4644,10.597,-1.2774,-3.1309,3.6887
5.9375,4.7304,11.444,-1.4795,-3.0172,3.6096
6.134,4.7567,11.088,-1.5481,-3.0289,3.6005
6.0851,5.0362,10.893,-1.8238,-3.0644,3.5583
6.5157,4.6885,11.014,-2.0105,-3.1143,3.6149
6.8226,4.2892,10.724,-2.0976,-3.0609,3.6385
7.0735,3.9593,11.437,-2.3979,-2.9353,3.6043
7.1672,4.2206,11.243,-2.6281,-2.9445,3.6371
7.3131,4.1879,11.51,-2.7504,-2.9984,3.5719
7.2495,4.4816,10.988,-2.9117,-3.0529,3.6022
7.584,3.8368,11.685,-3.0167,-3.0188,3.5879
7.1917,3.1827,12.018,-3.0885,-2.9418,3.5418
7.0543,3.3055,11.548,-3.1528,-2.9171,3.5382
7.039,2.9649,11.753,-3.0199,-2.9373,3.5858
6.4991,3.1435,11.106,-2.8446,-3.0304,3.5713
6.4421,3.6731,11.015,-2.6647,-2.976,3.6258
5.955,4.1283,11.339,-2.5783,-2.9411,3.5848
6.1939,4.9872,10.768,-2.2925,-2.9784,3.5952
5.9188,5.5484,9.8815,-2.0045,-3.0827,3.5143
6.0136,5.7502,10.246,-1.7406,-3.1486,3.5142
5.7116,5.5999,10.101,-1.5898,-3.0688,3.5023
6.2333,4.6787,10.904,-1.4068,-2.9771,3.4758
6.2502,4.4881,11.065,-1.192,-2.9467,3.544
6.9046,4.6191,10.407,-1.0398,-2.9984,3.5734
7.012,3.9123,11.008,-1.0176,-2.9668,3.5529
6.927,3.57,11.091,-0.91488,-2.9225,3.5141
7.3629,2.9005,11.9,-0.88758,-2.7717,3.4833
7.1538,3.3608,11.349,-0.96311,-2.8716,3.4622
7.4385,3.1394,11.549,-0.98314,-2.918,3.4582
7.1302,3.9399,10.996,-1.0609,-2.9309,3.4413
6.3228,3.8178,11.552,-0.9872,-2.8958,3.4455
6.2545,3.9247,11.668,-1.0745,-2.8084,3.4456
6.0645,4.6883,10.89,-1.053,-2.8729,3.4614
5.9014,5.256,10.747,-0.9928,-3.0106,3.4323
5.9096,5.4035,10.5,-1.0194,-3.0132,3.4464
5.7803,5.2978,10.021,-0.94096,-2.9224,3.4225
5.6421,5.0264,10.531,-1.1223,-2.9196,3.3828
5.7772,4.993,10.293,-0.89646,-2.9835,3.3623
5.8897,4.2907,10.467,-0.92823,-2.9542,3.3824
6.1531,4.2316,10.583,-0.89204,-2.9555,3.4535
6.3059,3.8837,10.934,-1.1073,-2.8586,3.4627
6.8633,3.491,11.29,-1.1672,-2.7207,3.4491
6.9672,3.4683,11.158,-1.3409,-2.7458,3.4195
7.1721,3.5546,10.921,-1.5413,-2.8542,3.4058
7.1442,4.1433,10.077,-1.6617,-2.8844,3.3844
7.1012,3.5808,10.772,-1.7846,-2.7458,3.3648
6.773,3.8886,10.34,-1.9615,-2.7865,3.3478
6.4114,3.3444,10.582,-2.2482,-2.7535,3.3435
6.0364,3.3083,10.459,-2.3565,-2.8269,3.3486
5.8065,2.9785,10.582,-2.5694,-2.8634,3.358
5.6515,3.2559,10.767,-2.7319,-2.7433,3.3692
5.3976,3.7901,10.43,-2.9294,-2.7464,3.3809
5.854,3.7852,10.7,-2.9677,-2.767,3.3353
5.5372,4.2832,10.241,-3.0854,-2.8276,3.3491
5.655,5.1744,9.2227,-3.1064,-2.8969,3.2823
5.3914,5.2535,9.4616,-3.1165,-2.9016,3.2556
5.5102,5.1684,9.6928,-2.9587,-2.8658,3.3232
5.7486,4.9437,9.5904,-2.6713,-2.8084,3.3628
6.1386,4.4736,9.6719,-2.5835,-2.84,3.3841
6.7623,3.6852,10.139,-2.3949,-2.8459,3.375
6.7583,2.6714,10.806,-2.0864,-2.6723,3.3583
6.8505,2.4822,10.831,-1.7983,-2.6316,3.3307
6.929,1.9216,11.358,-1.44,-2.6051,3.3078
6.8076,2.095,11.038,-1.2183,-2.6367,3.2902
6.6644,2.903,10.391,-1.1069,-2.6968,3.2404
6.3018,3.527,10.227,-0.9493,-2.7351,3.28
6.1549,4.0157,10.165,-0.81994,-2.6884,3.2795
5.5664,4.3365,9.9768,-0.72442,-2.6565,3.2753
5.2258,4.8751,9.5658,-0.64505,-2.7439,3.2885
5.573,4.976,9.2882,-0.74192,-2.8294,3.3048
5.4969,4.3181,9.8144,-0.7912,-2.7683,3.2852
5.7021,3.9293,10.313,-0.8629,-2.6231,3.2489
5.4325,3.9288,10.367,-0.97331,-2.6172,3.2069
5.6719,3.6433,10.117,-0.82346,-2.695,3.1638
5.5897,3.9619,9.7278,-0.84814,-2.7708,3.1897
5.9465,4.555,9.685,-0.86934,-2.7839,3.2227
5.8131,4.8413,9.4047,-0.76839,-2.7137,3.2118
6.2666,4.4112,9.6946,-0.82921,-2.6465,3.2237
6.217,4.2001,9.6541,-0.88044,-2.6557,3.2281
6.3216,3.9871,9.7558,-0.78745,-2.6604,3.2108
6.6681,3.2255,10.154,-0.76271,-2.6649,3.1782
6.5102,2.4305,10.791,-0.74104,-2.5786,3.1496
6.5609,1.7421,11.533,-0.7927,-2.4873,3.1735
5.9393,2.0118,10.796,-0.83507,-2.5441,3.1442
5.8072,2.4691,10.637,-1.0147,-2.626,3.1087
5.3844,3.594,9.462,-1.2374,-2.717,3.1489
4.9275,4.0634,9.4757,-1.2616,-2.7294,3.145
4.9739,5.0482,8.8328,-1.4146,-2.7018,3.1141
4.6813,5.1283,8.9547,-1.6088,-2.6365,3.1295
4.8998,5.2338,8.7164,-1.7228,-2.6704,3.1406
5.3383,5.0746,8.0576,-1.8584,-2.735,3.1154
5.1981,4.561,8.6906,-2.122,-2.7158,3.0742
5.625,3.3364,9.4795,-2.1966,-2.573,3.0401
5.4114,2.6687,9.6263,-2.4015,-2.4867,3.0721
5.9002,2.2298,9.8521,-2.5459,-2.5063,3.0728
5.894,2.0915,9.811,-2.6376,-2.5519,3.1047
6.1362,2.2667,9.6314,-2.6944,-2.5583,3.1332
6.2871,2.5793,9.5154,-2.9244,-2.5373,3.0948
6.0628,3.0446,9.6726,-2.934,-2.476,3.1103
6.2289,3.121,9.7002,-2.909,-2.4605,3.0891
5.9879,3.1744,9.9208,-3.006,-2.5008,3.0626
6.0042,3.1763,9.6088,-2.9237,-2.5525,3.0513
5.7808,3.2204,9.5792,-2.7702,-2.5705,3.0409
5.5826,3.0528,9.8519,-2.5904,-2.4894,3.051
5.318,2.8103,10.161,-2.3127,-2.3842,3.0535
5.2405,2.8465,10.009,-2.0515,-2.4296,3.0576
5.0429,3.5402,9.5091,-1.9161,-2.5448,3.0644
4.7336,4.0505,9.0256,-1.5866,-2.5298,3.0736
5.124,4.5676,8.6257,-1.3401,-2.5359,3.096
5.183,4.8523,8.3675,-1.1102,-2.5115,3.0817
5.356,5.0886,8.372,-0.77137,-2.4711,3.0832
5.0419,5.0965,8.2705,-0.71297,-2.4886,3.0462
5.256,4.5745,8.2246,-0.41494,-2.5504,2.988
5.0481,4.2799,8.4302,-0.43546,-2.5835,2.9551
5.3336,3.6376,8.997,-0.45655,-2.4843,2.9574
5.3034,3.0321,9.5978,-0.33459,-2.3182,2.9812
5.5774,2.2849,9.8571,-0.27441,-2.282,3.0139
5.2212,2.1982,9.6687,-0.49846,-2.3374,3.026
5.6161,2.5503,9.2444,-0.6378,-2.3798,3.0212
5.4351,3.1136,8.8277,-0.58137,-2.4422,2.9614
5.7113,2.8089,9.2446,-0.64163,-2.409,2.9437
5.3998,2.7903,9.314,-0.68301,-2.3181,2.9118
5.4527,2.8596,9.1969,-0.66988,-2.3263,2.8943
5.255,3.1458,8.641,-0.72468,-2.4143,2.8786
5.2061,2.6521,8.1376,-0.64586,-2.4413,2.8727
4.7557,2.9326,8.1495,-0.74465,-2.4501,2.8851
4.7734,2.9561,8.6042,-0.62189,-2.3482,2.8986
4.8336,2.8058,9.0213,-0.66619,-2.2164,2.909
4.8304,2.5708,9.0665,-0.61268,-2.2699,2.9173
4.8787,2.843,8.6122,-0.54424,-2.4183,2.9367
5.2472,3.2895,8.1532,-0.56856,-2.4573,2.9193
5.0801,3.8783,7.6543,-0.59029,-2.4257,2.8709
5.2448,3.301,8.1669,-0.65425,-2.3478,2.8411
5.0986,2.9444,8.5582,-0.86935,-2.2197,2.8084
4.7902,2.5595,8.7275,-0.91358,-2.1738,2.8154
4.9148,2.5391,8.4132,-1.0689,-2.2869,2.8071
4.9164,2.1915,8.3848,-1.1661,-2.3554,2.8129
5.232,1.9335,8.5994,-1.2861,-2.2554,2.8217
5.3045,1.7239,9.259,-1.4448,-2.1519,2.8414
5.2395,2.0171,9.6775,-1.6369,-2.0591,2.7997
5.1405,2.0572,9.4171,-1.754,-2.0945,2.7896
5.295,2.0162,9.1571,-1.8965,-2.2581,2.7703
5.3809,2.5023,8.7351,-2.0882,-2.3397,2.7372
5.1176,3.0203,8.5016,-2.2231,-2.2989,2.7527
5.1087,3.4303,8.5387,-2.4808,-2.2419,2.7391
5.0044,3.2085,8.889,-2.6664,-2.1404,2.7159
4.7439,3.4167,8.744,-2.6924,-2.1807,2.7028
4.639,3.8657,8.1063,-2.7891,-2.2953,2.6996
4.7019,4.0039,7.5084,-2.787,-2.4038,2.7134
4.7274,3.9968,7.4685,-2.7867,-2.3189,2.7269
4.7041,3.3441,8.2807,-2.8002,-2.2234,2.7252
4.7522,3.1293,8.6805,-2.8326,-2.1109,2.7006
4.7399,3.3243,8.7959,-2.876,-2.0689,2.6846
4.6846,3.2823,8.4498,-2.6442,-2.1811,2.6687
4.5927,3.33,7.9448,-2.4718,-2.3539,2.6507
4.4918,3.4185,7.7933,-2.1214,-2.3498,2.6192
3.8659,3.6134,7.3848,-1.9022,-2.2156,2.5772
4.1214,3.7087,7.8948,-1.7853,-2.0692,2.5644
4.2798,3.4145,8.5798,-1.5463,-2.0508,2.5877
4.6951,2.6962,8.5135,-1.1769,-2.0694,2.6677
4.538,2.3523,8.0855,-0.92831,-2.1913,2.6568
4.7888,2.4469,7.656,-0.68681,-2.2552,2.6341
4.7429,1.6905,8.0287,-0.5124,-2.0988,2.6216
5.0133,0.63869,9.0906,-0.2835,-1.9239,2.6085
5.2994,0.53045,9.0923,-0.28918,-1.8491,2.5692
5.3044,0.59746,9.3449,-0.20491,-1.8677,2.5208
5.33,1.1144,8.6952,-0.0054961,-2.0767,2.482
4.7904,1.8478,7.7845,-0.019085,-2.2321,2.4747
4.7175,2.3935,7.2507,-0.018344,-2.2369,2.4665
4.0774,3.2633,7.0366,-0.077524,-2.1554,2.4851
4.0582,4.1005,7.1595,-0.070547,-2.0621,2.4786
3.8846,3.8253,7.3916,-0.2837,-2.0137,2.4819
3.7016,3.3277,7.3614,-0.31952,-2.0913,2.4521
3.6777,2.5216,6.8885,-0.16993,-2.1995,2.4528
3.6272,2.1096,6.6445,-0.19689,-2.2071,2.4609
3.9208,1.6439,6.986,-0.29803,-2.1097,2.4801
4.109,1.0657,8.0649,-0.24352,-1.8807,2.4719
3.8685,0.82777,8.5017,-0.34217,-1.7283,2.4169
3.9665,0.86087,8.8099,-0.30424,-1.761,2.378
3.7475,2.0002,7.8446,-0.24726,-2.023,2.3726
4.0077,3.0458,6.9395,-0.2702,-2.1631,2.3429
3.9497,3.4974,6.5251,-0.27969,-2.1496,2.3331
4.3176,3.341,6.7332,-0.33679,-1.993,2.3322
4.1817,3.1833,7.219,-0.36328,-1.8241,2.3687
4.478,2.6492,7.898,-0.33532,-1.719,2.3865
4.7023,1.9394,8.0999,-0.28578,-1.7344,2.3823
4.6585,1.0724,8.1274,-0.23234,-1.8708,2.3887
5.1765,0.62103,7.8171,-0.26251,-1.9437,2.3738
4.9115,0.55649,7.6166,-0.47485,-1.8479,2.3517
4.6859,0.97253,7.4863,-0.61614,-1.709,2.3169
4.3896,1.7791,7.7627,-0.85511,-1.6816,2.2967
4.3062,2.2334,8.0541,-0.90458,-1.7131,2.2787
3.8717,2.4273,7.8063,-1.1713,-1.8588,2.2701
3.7545,2.8845,7.1654,-1.181,-2.0266,2.2569
3.3111,3.455,6.6006,-1.2349,-2.1021,2.2493
3.0563,3.9119,6.3364,-1.4588,-1.9913,2.2472
2.6346,4.0534,6.4111,-1.6298,-1.8891,2.2481
2.9387,3.7447,6.6302,-1.7061,-1.8124,2.2505
3.0542,3.6245,6.5456,-1.8351,-1.8411,2.2652
3.6481,3.4618,6.2617,-1.9171,-1.9461,2.2896
3.8846,3.5635,5.6114,-1.9728,-2.0039,2.2728
4.1551,3.2089,5.5227,-2.0022,-1.9681,2.2573
3.8852,2.7814,5.7536,-2.126,-1.8741,2.2049
3.9664,2.0534,6.2945,-2.4018,-1.7643,2.1583
3.9222,1.4543,6.813,-2.5157,-1.6958,2.1117
4.069,1.6296,6.9828,-2.5636,-1.7506,2.0979
3.8969,1.7706,7.1617,-2.6011,-1.8288,2.0622
4.0742,1.8035,7.1105,-2.6337,-1.7929,2.0486
3.9597,1.5387,7.0228,-2.5833,-1.7708,2.0447
4.0512,1.1818,7.0532,-2.5497,-1.694,2.067
3.9566,1.6697,6.9572,-2.5603,-1.681,2.1077
3.8285,1.8842,6.7635,-2.5893,-1.6603,2.1346
3.7028,2.122,6.6268,-2.5322,-1.6547,2.1479
3.856,1.8044,6.485,-2.3923,-1.6829,2.1546
4.0925,1.3753,6.4823,-2.1161,-1.6372,2.1248
3.9415,1.2178,6.6256,-1.9411,-1.5725,2.103
3.4808,1.0262,6.5771,-1.7751,-1.5976,2.0603
3.609,1.4335,6.1976,-1.4863,-1.6296,2.0341
3.2662,1.0126,6.0192,-1.3808,-1.6384,1.9779
3.294,1.0894,5.752,-1.1537,-1.6729,2.0106
3.3275,1.5027,5.7605,-0.88618,-1.6527,1.9787
3.1669,1.8306,6.056,-0.60795,-1.5894,1.9824
2.9814,1.9984,6.1881,-0.23131,-1.5755,1.9458
3.0696,1.7675,6.2175,-0.13417,-1.5459,1.9636
2.9987,1.3647,6.1565,0.088994,-1.6268,1.9623
3.3705,1.2324,5.6786,0.29946,-1.6604,1.9815
3.4887,1.2242,5.6639,0.46694,-1.6774,1.9976
3.942,1.6743,5.5797,0.43056,-1.6137,1.996
3.9712,2.0964,5.7332,0.60178,-1.5751,2.0283
3.9886,1.9582,5.6489,0.61922,-1.5952,2.0097
3.7128,1.3999,5.6746,0.55798,-1.5446,1.9797
3.7121,0.97784,5.723,0.566,-1.5799,1.9284
3.2245,0.62538,5.9298,0.53527,-1.5748,1.8856
3.1733,0.6385,5.9574,0.3809,-1.5238,1.8418
2.9252,0.97901,5.7878,0.30429,-1.5138,1.7942
2.8185,1.0685,5.8307,0.23112,-1.4846,1.7897
2.5931,1.0911,5.7133,-0.052592,-1.4343,1.7605
2.76,1.145,5.8369,-0.12489,-1.4247,1.7378
2.6166,1.2606,5.7473,-0.10106,-1.4637,1.7481
2.9066,1.5499,5.9595,-0.12471,-1.4568,1.7714
3.0864,2.2638,5.9428,-0.13147,-1.4657,1.8211
3.1229,2.1765,6.0633,-0.10715,-1.4541,1.8315
3.3124,2.0382,5.8704,-0.062947,-1.3903,1.8532
3.4049,1.7059,5.7772,-0.10468,-1.4259,1.8347
3.6355,1.8179,5.8253,-0.21592,-1.3997,1.8065
3.611,2.539,5.2353,-0.28473,-1.4586,1.7908
3.6383,3.1008,5.024,-0.11039,-1.4417,1.7405
3.6286,3.1572,4.9593,-0.12711,-1.425,1.7179
3.3298,2.9724,5.1223,-0.16541,-1.3849,1.6771
3.2035,2.2618,5.4241,-0.16837,-1.3382,1.6508
3.0064,1.6008,5.4685,-0.05638,-1.3372,1.6505
2.825,1.462,4.9777,-0.0476,-1.3918,1.6437
2.6602,1.8639,4.639,-0.23448,-1.4078,1.6264
2.3951,2.1836,4.4056,-0.18433,-1.3869,1.6023
2.4144,2.4771,4.3861,-0.085329,-1.3843,1.5984
2.5573,2.3998,4.7197,0.0020588,-1.3105,1.6117
2.6099,1.8965,4.8572,0.066879,-1.3381,1.6342
2.938,1.6107,5.008,0.12476,-1.325,1.6491
2.998,1.3798,4.8207,0.07979,-1.3279,1.6567
3.0476,1.2505,4.9959,-0.035964,-1.3136,1.6608
3.0147,1.3419,5.2644,-0.28309,-1.3329,1.6643
3.0576,1.439,5.2622,-0.52491,-1.294,1.6569
3.0594,1.2757,5.1652,-0.55622,-1.335,1.6647
2.7544,1.0592,5.0509,-0.62044,-1.288,1.6284
2.7094,1.4456,4.7742,-0.65859,-1.3058,1.5782
2.1806,1.7085,4.6425,-0.86859,-1.2918,1.5372
1.8462,2.2336,4.196,-0.84043,-1.3542,1.5176
1.6423,2.3222,4.2007,-0.86472,-1.2904,1.5119
1.6103,2.2572,4.3148,-0.98053,-1.2815,1.4772
1.7004,1.3578,4.6241,-1.1515,-1.2605,1.4515
1.9744,-0.0090642,5.1448,-1.2525,-1.1695,1.462
2.0816,-0.42633,4.9632,-1.3982,-1.1584,1.452
2.4151,-0.17813,4.8862,-1.399,-1.1756,1.4303
2.5891,0.21943,4.8745,-1.3796,-1.1462,1.4385
2.706,1.1587,4.306,-1.4703,-1.1956,1.4379
2.8399,1.7988,4.1198,-1.5511,-1.1849,1.4592
3.0029,2.0946,4.0073,-1.602,-1.1964,1.4648
3.2001,1.66,4.0048,-1.7199,-1.1798,1.4658
3.1626,1.207,4.0612,-1.7218,-1.1648,1.467
3.1951,0.61757,4.6424,-1.7025,-1.1104,1.458
3.1916,0.25593,4.9978,-1.8825,-1.076,1.4296
2.8936,0.05335,5.1867,-2.2278,-1.0875,1.423
2.5039,-0.031467,5.0918,-2.4753,-1.0461,1.4026
2.599,0.046447,4.7547,-2.6047,-1.1379,1.3667
2.3311,0.28024,4.4305,-2.6844,-1.1125,1.3212
2.3127,0.34253,4.3102,-2.6443,-1.072,1.2944
1.9232,0.5039,4.2833,-2.5387,-1.0292,1.295
1.8051,1.1731,3.9623,-2.5786,-1.0447,1.3011
1.6059,1.9159,3.5721,-2.5651,-1.0927,1.2707
1.6615,2.5723,3.206,-2.5594,-1.0996,1.2689
1.6992,2.2759,2.952,-2.4767,-1.1428,1.2624
1.8022,1.1433,3.2696,-2.3248,-1.0274,1.2464
2.2032,-0.24207,3.7185,-2.2206,-0.9098,1.2238
2.3285,-1.6932,4.2637,-1.9914,-0.8459,1.2448
2.5171,-1.9729,4.2543,-2.1122,-0.86002,1.2312
2.5822,-1.3635,3.8098,-2.0723,-0.90912,1.2515
2.7917,-0.38934,3.271,-2.0095,-0.96323,1.2827
2.7723,0.59018,2.9826,-1.7842,-1.0328,1.2692
2.6734,1.623,2.5714,-1.4336,-1.0225,1.3007
2.5721,2.0468,2.5734,-1.1017,-1.0303,1.2956
2.4928,1.5067,2.9432,-0.98557,-0.97672,1.2881
2.3014,0.72002,3.3055,-0.75602,-0.95248,1.2866
2.0132,-0.11665,3.7113,-0.47881,-0.95891,1.2555
1.785,-0.66587,4.336,-0.36571,-0.84524,1.2699
1.3637,-0.80451,4.5114,-0.21183,-0.8453,1.2442
1.0199,-0.67864,4.6332,-0.16596,-0.88622,1.2127
0.88855,0.30488,4.1157,0.062997,-0.88324,1.1848
0.66456,0.95917,3.8486,0.36782,-0.95981,1.1722
0.56863,1.5528,3.422,0.79112,-0.94957,1.1471
0.5866,1.7265,3.3421,0.92986,-0.88139,1.1086
0.80912,1.1632,3.6397,1.1099,-0.88716,1.0851
1.1485,0.83121,3.4746,1.1952,-0.84539,1.0641
1.2964,0.58686,3.4531,1.2895,-0.80746,1.0531
1.5131,0.76363,3.3168,1.2288,-0.8529,1.0374
1.7208,1.0804,3.2365,1.3201,-0.8116,1.0158
2.037,1.3109,3.1142,1.4712,-0.81325,1.0255
2.0687,1.3135,3.2018,1.5356,-0.81861,1.0142
2.1155,0.99327,3.2915,1.4332,-0.77774,1.0382
1.9875,0.74856,3.2694,1.4866,-0.73626,1.048
2.1072,0.044892,3.407,1.523,-0.67962,1.0516
2.18,-0.166,3.3686,1.4066,-0.697,1.0653
2.058,-0.705,3.3619,1.1734,-0.69442,1.0306
2.1464,-0.2747,2.9858,1.0627,-0.73615,1.0378
2.0533,1.3658,2.4403,1.0553,-0.81382,1.0414
2.2983,2.8023,1.8544,1.0237,-0.82924,1.0219
2.3347,3.9576,1.5573,0.84283,-0.81332,1.02
2.1481,4.8043,0.96935,0.73161,-0.85845,1.0018
2.2234,4.78,1.0185,0.6263,-0.87558,0.96733
2.0598,3.8743,1.2646,0.68049,-0.80743,0.96981
2.0241,2.3126,1.8795,0.58827,-0.71694,0.92293
2.1412,0.41542,2.7421,0.53135,-0.63959,0.87606
2.082,-1.119,3.5199,0.33656,-0.50666,0.85048
1.8483,-2.1649,4.0164,0.11539,-0.50295,0.81773
1.7473,-1.9321,3.9964,-0.0090047,-0.57009,0.79761
1.6641,-1.2676,3.5489,-0.24192,-0.57652,0.78825
1.4289,0.17289,2.9094,-0.31446,-0.64551,0.76124
1.3209,2.1122,2.2163,-0.23648,-0.74981,0.753
1.2292,3.7921,1.5434,-0.076374,-0.75084,0.75141
1.0054,4.6856,1.1005,0.11678,-0.7096,0.72789
1.0588,4.2986,1.0855,0.15122,-0.73148,0.7325
0.97671,3.3079,1.3143,0.14082,-0.72922,0.71723
1.1306,1.2538,1.96,0.23943,-0.62176,0.69255
1.3447,-0.66373,2.5648,0.24091,-0.50924,0.69948
1.4384,-2.2619,3.0487,0.32624,-0.45377,0.68671
1.4229,-3.4409,3.3149,0.40458,-0.34951,0.67527
1.3286,-3.3248,3.1784,0.54717,-0.32245,0.69238
1.1915,-2.3454,2.8901,0.55867,-0.39954,0.70846
1.151,-0.51524,2.0384,0.36357,-0.5152,0.70653
1.2079,1.3497,1.2153,0.13154,-0.57708,0.73782
0.95006,2.7021,0.49546,-0.095524,-0.63187,0.77609
0.80328,3.6723,0.27462,-0.30491,-0.6576,0.74398
0.84074,3.2803,0.58388,-0.3149,-0.62316,0.74922
0.74367,1.9067,1.2096,-0.27609,-0.49664,0.78701
0.62468,0.19095,1.8112,-0.14917,-0.43445,0.78467
0.64074,-1.3935,2.2989,0.13096,-0.39581,0.7562
0.63691,-2.9525,2.9613,0.32865,-0.35183,0.75079
0.43854,-3.2598,2.9568,0.51504,-0.33015,0.7805
0.45574,-2.5216,2.6944,0.44732,-0.38691,0.763
0.29638,-0.65157,2.0328,0.26728,-0.46202,0.73617
0.0921,1.4454,1.1069,0.15178,-0.53504,0.72365
0.011814,3.6261,0.2414,0.11167,-0.577,0.74742
0.43509,4.829,-0.19731,0.12947,-0.62149,0.71507
0.35426,5.0192,-0.15798,0.24653,-0.66537,0.66594
0.41745,4.2853,0.26571,0.4471,-0.55221,0.627
0.44441,2.9162,0.8927,0.50304,-0.45539,0.63375
0.6674,1.2357,1.6019,0.43751,-0.41587,0.59205
0.79857,-0.40725,2.4215,0.30272,-0.38159,0.57217
0.6897,-1.8365,2.9734,0.042251,-0.31191,0.56737
0.90748,-2.3641,3.4591,-0.11073,-0.19295,0.56978
1.0566,-2.3722,3.4255,-0.16856,-0.18052,0.5279
1.2051,-1.8636,3.2613,-0.17669,-0.26407,0.48485
0.98822,-0.63102,2.6836,-0.089109,-0.41013,0.49633
0.87625,0.67016,2.0287,0.074422,-0.46461,0.51555
0.79731,1.8509,1.5063,0.27593,-0.44608,0.49443
0.70965,3.3478,0.8666,0.49163,-0.52519,0.46368
0.49405,4.3706,0.28292,0.62414,-0.63094,0.48054
0.30647,4.7537,0.14672,0.60651,-0.64464,0.49018
0.42923,4.2876,0.34398,0.59399,-0.54131,0.44959
0.4019,3.2902,0.80639,0.42426,-0.40357,0.4178
0.19508,2.1773,1.1592,0.31379,-0.28486,0.4267
0.12607,1.138,1.3406,0.28532,-0.30464,0.44216
0.32152,0.47124,1.5795,0.30768,-0.34145,0.45422
0.45046,-0.41071,1.9164,0.25384,-0.3089,0.42765
0.3363,-0.69267,1.9072,0.30522,-0.24149,0.43022
0.41851,-0.51573,1.7194,0.27923,-0.20902,0.47552
0.69864,0.19889,1.3771,0.16873,-0.31276,0.51354
1.0951,1.3016,0.73305,0.0070773,-0.44447,0.5143
1.4392,1.7494,0.20107,-0.17614,-0.47301,0.49999
1.4672,1.9934,-0.05378,0,-0.38707,0.49393
1.1509,1.7596,-0.022731,0,-0.25732,0.52091
1.0182,0.85109,0.019608,0,-0.17346,0.59536
1.2154,-0.12789,0.23954,0,-0.19,0.61909
1.3844,-1.177,0.42027,0,-0.24754,0.61748
1.4564,-1.9722,0.70046,0,-0.21787,0.58435
1.1932,-1.9764,0.81619,0,-0.17508,0.54391
0.82061,-1.515,0.48385,0,-0.14472,0.53891
0.79775,-0.51421,0.073635,0,-0.18314,0.57417
0.95663,0.055634,-0.12301,0,-0.23252,0.64465
1.3004,0.47421,-0.30877,0,-0.24958,0.66478
1.5055,0.76461,-0.28899,0,-0.21843,0.62748
1.3225,0.49315,0.0095078,0,-0.11373,0.57975
1.1189,0.19524,0.1734,0,-0.0052375,0.51274
1.1135,-0.74196,0.43746,0,0.0040301,0.47847
1.2561,-1.4017,0.53342,0,-0.041356,0.48413
1.6034,-2.0685,0.68013,0,-0.053911,0.52477
1.815,-2.2404,0.66392,0,-0.052825,0.56065
1.8816,-1.8569,0.58232,0,-0.039837,0.52783
1.8743,-1.7579,0.40378,0,-0.043246,0.48946
1.7116,-1.2386,-0.013674,-1.488,-0.08931,0.43807
1.4517,-0.88594,-0.36079,-1.3077,-0.14335,0.41208
1.3968,-0.89284,-0.34989,-1.1915,-0.14593,0.41938
1.3875,-0.71193,-0.50225,-1.049,-0.1172,0.46994
1.5,-0.644,-0.66556,-0.86321,-0.021811,0.50077
1.6924,-0.76166,-0.5885,-0.73677,0.048255,0.48454
1.7964,-0.9021,-0.55407,-0.66597,0.11626,0.41317
1.4349,-0.95152,-0.63286,-0.72538,0.10836,0.34361
0.73416,-0.81342,-0.59413,-0.68793,0.069767,0.25149
0.22308,-0.29838,-0.50016,-0.81629,0.0021746,0.22134
-0.061225,-0.049787,-0.25771,-0.90708,-0.037626,0.24273
-0.22796,0.3209,-0.32022,-0.93891,-0.033565,0.24393
-0.23048,0.47765,-0.34381,-1.0213,0.01578,0.23
-0.50187,0.16127,-0.095862,-1.0733,0.089548,0.17389
-0.77161,-0.38178,0.21607,-1.0873,0.10306,0.11151
-0.98994,-0.7803,0.47925,-1.0805,0.096241,0.075901
-0.91299,-1.2627,0.74493,-0.96612,0.056777,0.10834
-0.63369,-1.2566,0.68071,-0.8682,0.0091798,0.14123
-0.50752,-0.89373,0.47583,-0.81035,-0.061649,0.1488
-0.4026,-0.69265,0.42345,-0.68064,-0.1097,0.1025
-0.65892,-0.63249,0.40103,-0.67922,-0.11593,0.043315
-0.93128,-0.60506,0.25239,-0.60001,-0.085799,-0.0028957
-1.1505,-0.38221,0.063025,-0.61773,-0.028106,-0.025288
-1.1797,-0.72679,-0.064747,-0.53427,0.10645,-0.0092151
-0.97569,-0.6816,-0.030165,-0.53738,0.20787,0.019879
-0.86474,-0.87539,0.15492,0,0.25114,0.039741
-1.0084,-1.3118,0.41145,0,0.23092,0.015458
-1.2059,-1.2628,0.32644,0,0.12217,-0.052047
-1.5159,-1.0502,0.029534,0,-0.0074716,-0.097386
-1.519,-0.90746,-0.22503,0,-0.10418,-0.12827
-1.3894,-0.91409,-0.27939,0,0,-0.14166
-1.0963,-0.83236,-0.12609,0,0,-0.098488
-0.69416,-1.0146,0.0087376,0,0,-0.08453
-0.35817,-1.442,0.098678,0,0,-0.092995
-0.091865,-1.8064,0.21951,0,0,-0.13533
-0.10786,-2.016,0.25792,0,0,-0.19892
-0.31673,-2.3768,0.28749,0,0,-0.22572
-0.74232,-2.7567,0.51427,0,0,-0.2316
-0.93361,-2.5794,0.66238,0,0,-0.21769
-1.1495,-2.1505,0.64551,0,0,-0.16963
-1.3146,0,0.52022,0,0,-0.12171
-1.3153,0,0.34734,0,0,-0.10315
-1.2024,0,0.036562,0,0,-0.094548
-1.0299,0,-0.19491,0,0,-0.10966
-0.70207,0,-0.28155,0,0,-0.14047
-0.51672,0,-0.33769,0,0,-0.16687
-0.34097,0,-0.15881,0,0,-0.19836
-0.38947,0,-0.05019,0,0,-0.20038
-0.35301,0,0.20284,0,0,-0.20195
-0.46019,0,0.15982,0,0,-0.20957
-0.81604,0,0.040105,0,0,-0.17549
-0.96814,0,-0.2533,0,0,-0.14207
-1.0378,0,-0.54549,0,0,-0.1173
-1.0862,0,-0.86824,0,0,-0.098316
-1.0123,0,-1.0978,0,0,0
0,0,-1.1327,0,0,0
0,0,-0.9801,0,0,0
0,0,-0.78221,0,0,0
0,0,-0.71107,0,0,0
0,0,-0.61844,0,0,0
0,0,-0.35737,0,0,0
0,0,-0.5119,0,0,0
0,0,-0.59694,0,0,0
0,0,-0.78356,0,0,0
0,0,-0.94197,0,0,0
0,0,-1.1241,0,0,0
0,0,-1.45,0,0,0
0,0,-1.5259,0,0,0
0,0,-1.4978,0,0,0
0,0,-1.3259,0,0,0
0,0,-1.0583,0,0,0
0,0,0,0,0,0
0,0,0,0,0,0
0,0,0,0,0,0
0,0,0,0,0,0
0,0,0,0,0,0
0,0,0,0,0,0
0,0,0,0,0,0
0,0,0,0,0,0
0,0,0,0,0,0
0,0,0,0,0,0
0,0,0,0,0,0
0,0,0,0,0,0
0,0,0,0,0,0
0,0,0,0,0,0
0,0,0,0,0,0
0,0,0,0,0,0
0,0,0,0,0,0
0,0,0,0,0,0
0,0,0,0,0,0
0,0,0,0,0,0
0,0,0,0,0,0
0,0,0,0,0,0
0,0,0,0,0,0
0,0,0,0,0,0
0,0,0,0,0,0
0,0,0,0,0,0
0,0,0,0,0,0
0,0,0,0,0,0
0,0,0,0,0,0
0,0,0,0,0,0
0,0,0,0,0,0
0,0,0,0,0,0
0,0,0,0,0,0
0,0,0,0,0,0
0,0,0,0,0,0
0,0,0,0,0,0
0,0,0,0,0,0
0,0,0,0,0,0
0,0,0,0,0,0
0,0,0,0,0,0
0,0,0,0,0,0
0,0,0,0,0,0
0,0,0,0,0,0
0,0,0,0,0,0
0,0,0,0,0,0
0,0,0,0,0,0
0,0,0,0,0,0
0,0,0,0,0,0
0,0,0,0,0,0
0,0,0,0,0,0
